/*
SQLyog Community v11.22 (32 bit)
MySQL - 5.5.32 : Database - emrs
*********************************************************************
*/

/*!40101 SET NAMES utf8 */;

/*!40101 SET SQL_MODE=''*/;

/*!40014 SET @OLD_UNIQUE_CHECKS=@@UNIQUE_CHECKS, UNIQUE_CHECKS=0 */;
/*!40014 SET @OLD_FOREIGN_KEY_CHECKS=@@FOREIGN_KEY_CHECKS, FOREIGN_KEY_CHECKS=0 */;
/*!40101 SET @OLD_SQL_MODE=@@SQL_MODE, SQL_MODE='NO_AUTO_VALUE_ON_ZERO' */;
/*!40111 SET @OLD_SQL_NOTES=@@SQL_NOTES, SQL_NOTES=0 */;
/*Table structure for table `acl` */

DROP TABLE IF EXISTS `acl`;

CREATE TABLE `acl` (
  `section` varchar(50) DEFAULT NULL,
  `user_level` varchar(3) DEFAULT NULL,
  `action` varchar(250) DEFAULT NULL
) ENGINE=InnoDB DEFAULT CHARSET=latin1;

/*Data for the table `acl` */

insert  into `acl`(`section`,`user_level`,`action`) values ('root','1',''),('home','1',''),('treatments','1',''),('appointments','1',''),('patients','1',''),('users','8',''),('properties','8',''),('labs','1',''),('meds','1',''),('presc','1',''),('billing','1',''),('settings','8',''),('acl','8','');

/*Table structure for table `app_settings` */

DROP TABLE IF EXISTS `app_settings`;

CREATE TABLE `app_settings` (
  `name` varchar(100) DEFAULT NULL,
  `value` varchar(100) DEFAULT NULL
) ENGINE=InnoDB DEFAULT CHARSET=latin1;

/*Data for the table `app_settings` */

insert  into `app_settings`(`name`,`value`) values ('company_name','St Raphael Foundation Medical Center'),('address1','add1'),('address2','add2'),('appointment_slots_negative','13'),('appointment_slots_hepa_b','1'),('appointment_slots_hepa_c','1'),('root_url','http://127.0.0.1');

/*Table structure for table `appointment_history` */

DROP TABLE IF EXISTS `appointment_history`;

CREATE TABLE `appointment_history` (
  `appointment_id` int(11) DEFAULT NULL,
  `entry_date` varchar(50) DEFAULT NULL,
  `entry_time` varchar(50) DEFAULT NULL,
  `set_number` varchar(1) DEFAULT NULL,
  `appointment_status` varchar(50) DEFAULT NULL
) ENGINE=InnoDB DEFAULT CHARSET=latin1;

/*Data for the table `appointment_history` */

insert  into `appointment_history`(`appointment_id`,`entry_date`,`entry_time`,`set_number`,`appointment_status`) values (1,'20160622','214102','1','WAITING'),(1,'20160622','214337','1','ONGOING'),(1,'20160622','214355','1','DONE');

/*Table structure for table `appointments` */

DROP TABLE IF EXISTS `appointments`;

CREATE TABLE `appointments` (
  `appointment_id` int(11) NOT NULL,
  `person_id` int(11) DEFAULT NULL,
  PRIMARY KEY (`appointment_id`)
) ENGINE=InnoDB DEFAULT CHARSET=latin1;

/*Data for the table `appointments` */

insert  into `appointments`(`appointment_id`,`person_id`) values (1,51);

/*Table structure for table `html` */

DROP TABLE IF EXISTS `html`;

CREATE TABLE `html` (
  `property_id` int(11) NOT NULL,
  `html_type` varchar(200) DEFAULT 'text',
  `pos_label_top` varchar(5) DEFAULT '100',
  `pos_label_left` varchar(5) DEFAULT '100',
  `label_font` varchar(200) DEFAULT 'verdana',
  `label_font_size` varchar(5) DEFAULT '11',
  `label_font_weight` varbinary(5) DEFAULT '',
  `pos_input_top` varchar(5) DEFAULT '200',
  `pos_input_left` varchar(5) DEFAULT '200',
  `input_width` varchar(5) DEFAULT '60',
  `input_height` varchar(5) DEFAULT '20',
  `modify_options` enum('0','1') DEFAULT '0',
  PRIMARY KEY (`property_id`)
) ENGINE=InnoDB DEFAULT CHARSET=latin1;

/*Data for the table `html` */

insert  into `html`(`property_id`,`html_type`,`pos_label_top`,`pos_label_left`,`label_font`,`label_font_size`,`label_font_weight`,`pos_input_top`,`pos_input_left`,`input_width`,`input_height`,`modify_options`) values (1,'text','120','700','verdana','12','','120','790','70','20','0'),(2,'text','100','700','verdana','12','','98','790','70','20','0'),(3,'text','75','5','verdana','12','','73','80','40','20','0'),(4,'text','75','140','verdana','12','','73','238','40','20','0'),(5,'text','75','440','verdana','12','','73','575','40','20','0'),(6,'text','75','630','verdana','12','bold','73','687','40','20','0'),(7,'text','75','743','verdana','12','','73','846','40','20','0'),(8,'select','100','5','verdana','12','','98','103','180','20','1'),(9,'select','100','300','verdana','12','','98','360','120','20','1'),(10,'text','148','802','verdana','12','','146','870','50','20','0'),(11,'text','120','500','verdana','12','','120','620','50','20','0'),(12,'text','148','90','verdana','12','','146','145','70','20','0'),(13,'checkbox','148','245','verdana','12','','144','320','15','18','0'),(14,'text','148','445','verdana','12','','146','525','70','20','0'),(15,'text','148','633','verdana','12','','146','656','40','20','0'),(16,'text','148','709','verdana','12','','146','732','40','20','0'),(17,'textarea','900','5','verdana','11','','920','5','280','200','0'),(18,'textarea','840','738','verdana','11','','860','738','280','120','0'),(19,'text','75','300','verdana','12','','73','380','40','20','0'),(20,'textarea','175','300','verdana','11','','190','300','425','50','0'),(21,'select','100','500','verdana','12','','98','620','50','20','0'),(22,'text','75','915','verdana','12','','73','977','40','20','0'),(23,'textarea','1000','738','verdana','11','','1020','738','280','120','0'),(24,'checkbox','100','750','verdana','12','','95','920','15','18','0'),(25,'select','100','750','verdana','12','','120','920','90','20','0'),(26,'select','255','610','verdana','12','','252','675','50','20','0'),(101,'text','280','5','verdana','12','','278','85','70','20','0'),(102,'select','280','165','verdana','12','','278','185','100','20','0'),(103,'text','305','5','verdana','12','','303','23','40','20','0'),(104,'text','305','73','verdana','12','','303','92','40','20','0'),(105,'text','305','143','verdana','12','','303','163','40','20','0'),(106,'text','305','210','verdana','12','','303','245','40','20','0'),(107,'select','340','5','verdana','12','','338','44','95','20','0'),(108,'select','365','5','verdana','12','','363','44','95','20','1'),(109,'select','340','150','verdana','12','','338','190','95','20','0'),(110,'select','365','145','verdana','12','','363','190','95','20','1'),(111,'select','402','55','verdana','12','','400','100','125','20','0'),(112,'select','425','5','verdana','12','','440','5','90','20','0'),(113,'select','425','100','verdana','12','','440','100','90','20','0'),(114,'text','425','195','verdana','12','','440','195','90','20','0'),(115,'select','467','5','verdana','12','','482','5','135','20','0'),(116,'select','467','150','verdana','12','','482','150','135','20','0'),(117,'select','519','5','verdana','12','','517','78','207','20','1'),(118,'select','556','5','verdana','12','','554','110','100','20','0'),(119,'select','580','5','verdana','12','','578','110','100','20','0'),(120,'select','603','5','verdana','12','','601','110','100','20','0'),(121,'select','645','5','verdana','12','','660','5','135','20','0'),(122,'select','645','150','verdana','12','','660','150','135','20','0'),(123,'select','705','5','verdana','12','','703','125','85','20','0'),(124,'checkbox','750','5','verdana','12','','748','40','15','18','0'),(125,'select','775','130','verdana','12','','773','205','80','20','0'),(126,'text','780','5','verdana','12','','778','90','175','20','0'),(127,'text','821','59','verdana','12','','819','155','80','20','0'),(128,'select','845','5','verdana','12','','843','40','65','20','0'),(129,'select','845','112','verdana','12','','843','225','60','20','0'),(130,'checkbox','865','5','verdana','12','','863','50','15','20','0'),(131,'checkbox','682','5','verdana','12','','678','70','15','20','0'),(132,'text','750','130','verdana','12','','748','165','120','20','0'),(201,'text','280','738','verdana','12','','278','818','70','20','0'),(202,'select','280','897','verdana','12','','278','917','100','20','0'),(203,'text','305','738','verdana','12','','303','756','40','20','0'),(204,'text','305','805','verdana','12','','303','824','40','20','0'),(205,'text','305','875','verdana','12','','303','895','40','20','0'),(206,'text','305','943','verdana','12','','303','978','40','20','0'),(207,'select','340','738','verdana','12','','338','778','95','20','0'),(208,'select','365','738','verdana','12','','363','778','95','20','1'),(209,'select','340','883','verdana','12','','338','923','95','20','0'),(210,'select','365','878','verdana','12','','363','923','95','20','1'),(211,'select','402','793','verdana','12','','400','836','125','20','0'),(212,'select','425','738','verdana','12','','440','738','90','20','0'),(213,'select','425','833','verdana','12','','440','833','90','20','0'),(214,'text','425','928','verdana','12','','440','928','90','20','0'),(215,'select','467','738','verdana','12','','482','738','135','20','0'),(216,'select','467','883','verdana','12','','482','883','135','20','0'),(217,'select','519','738','verdana','12','','517','811','207','20','1'),(218,'select','509','873','verdana','12','','524','883','125','20','0'),(219,'select','556','738','verdana','12','','554','811','95','20','0'),(220,'select','575','738','verdana','12','','573','798','230','20','0'),(221,'select','580','738','verdana','12','','595','738','280','20','0'),(222,'select','663','738','verdana','12','','661','841','80','20','0'),(223,'select','623','738','verdana','12','','621','811','207','20','1'),(224,'text','649','738','verdana','12','','647','811','207','20','0'),(225,'select','195','5','verdana','12','','190','80','207','20','1'),(226,'text','719','738','verdana','12','','717','811','207','20','1'),(227,'text','217','5','verdana','12','','217','80','207','20','0'),(228,'select_persons','689','738','verdana','12','','687','811','207','20','0'),(229,'select_persons','714','738','verdana','12','','712','845','173','20','0'),(230,'select_persons','739','738','verdana','12','','737','845','173','20','0'),(231,'text','180','738','verdana','12','','175','870','148','20','0'),(232,'text','205','738','verdana','12','','200','870','148','20','0'),(233,'text','230','738','verdana','12','','225','870','148','20','0'),(234,'text','779','738','verdana','12','','777','811','207','20','0'),(235,'text','804','738','verdana','12','','802','811','207','20','0'),(1001,'select','0','0','verdana','12','','0','0','80','20','0'),(1002,'select','0',NULL,NULL,'12','','0',NULL,NULL,NULL,'0'),(1003,'text','100','100','verdana','11','','200','200','60','20','0');

/*Table structure for table `html_misc` */

DROP TABLE IF EXISTS `html_misc`;

CREATE TABLE `html_misc` (
  `section` varchar(50) DEFAULT NULL,
  `description` varchar(100) DEFAULT NULL,
  `label` varchar(100) DEFAULT NULL,
  `html_type` varchar(200) DEFAULT NULL,
  `pos_top` varchar(5) DEFAULT NULL,
  `pos_left` varchar(5) DEFAULT NULL,
  `font` varchar(100) DEFAULT NULL,
  `font_weight` varchar(10) DEFAULT NULL,
  `font_style` varchar(10) DEFAULT NULL,
  `font_size` varchar(5) DEFAULT NULL,
  `width` varchar(5) DEFAULT NULL,
  `height` varchar(5) DEFAULT NULL,
  `border_style` varchar(50) DEFAULT NULL,
  `border_top` varchar(50) DEFAULT NULL,
  `border_bottom` varchar(50) DEFAULT NULL,
  `border_left` varchar(50) DEFAULT NULL,
  `border_right` varchar(50) DEFAULT NULL,
  `border_width` varchar(50) DEFAULT NULL,
  `border_color` varchar(50) DEFAULT NULL
) ENGINE=InnoDB DEFAULT CHARSET=latin1;

/*Data for the table `html_misc` */

insert  into `html_misc`(`section`,`description`,`label`,`html_type`,`pos_top`,`pos_left`,`font`,`font_weight`,`font_style`,`font_size`,`width`,`height`,`border_style`,`border_top`,`border_bottom`,`border_left`,`border_right`,`border_width`,`border_color`) values ('treatment','hl3',NULL,'div','95','0',NULL,NULL,NULL,NULL,'1024','0','solid','','none','none','none','thin','black'),('treatment','hl1',NULL,'div','20','0',NULL,NULL,NULL,NULL,'1024','0','solid','','none','none','none','thin','black'),('treatment','hl4',NULL,'div','143','0',NULL,NULL,NULL,NULL,'1024','0','solid','','none','none','none','thin','black'),('treatment','hl2',NULL,'div','70','0',NULL,NULL,NULL,NULL,'1024','0','solid','','none','none','none','thin','black'),('treatment','vl2',NULL,'div','95','290',NULL,NULL,NULL,NULL,'0','48','solid','none','none','','none','thin','black'),('treatment','hl5',NULL,'div','168','0',NULL,NULL,NULL,NULL,'1024','0','solid','','none','none','none','thin','black'),('treatment','hl6',NULL,'div','275','0',NULL,NULL,NULL,NULL,'1024','0','solid','','none','none','none','thin','black'),('treatment','hl15',NULL,'div','725','0',NULL,NULL,NULL,NULL,'293','0','solid','','none','none','none','thin','black'),('treatment','vl3',NULL,'div','248','292',NULL,NULL,NULL,NULL,'0','933','solid','none','none','','none','thin','black'),('treatment','vl4',NULL,'div','248','732',NULL,NULL,NULL,NULL,'0','933','solid','none','none','','none','thin','black'),('treatment','label1','PRE-HD','span','250','100','verdana','bold','','16',NULL,NULL,NULL,NULL,NULL,NULL,NULL,NULL,NULL),('treatment','label2','POST-HD','span','250','830','verdana','bold','','16',NULL,NULL,NULL,NULL,NULL,NULL,NULL,NULL,NULL),('treatment','label3','Monitoring Sheet','span','250','420','verdana','bold','','16',NULL,NULL,NULL,NULL,NULL,NULL,NULL,NULL,NULL),('treatment','label4','CATHETER ASSESSMENT','span','625','5','verdana','bold','','12',NULL,NULL,NULL,NULL,NULL,NULL,NULL,NULL,NULL),('treatment','hl13',NULL,'div','623','0',NULL,NULL,NULL,NULL,'293','0','solid','','none','none','none','thin','black'),('treatment','hl14',NULL,'div','700','0',NULL,NULL,NULL,NULL,'293','0','solid','','none','none','none','thin','black'),('treatment','hl9',NULL,'div','423','0',NULL,NULL,NULL,NULL,'293','0','solid','','none','none','none','thin','black'),('treatment','hl7',NULL,'div','300','0',NULL,NULL,NULL,NULL,'293','0','solid','','none','none','none','thin','black'),('treatment','hl8',NULL,'div','325','0',NULL,NULL,NULL,NULL,'293','0','solid','','none','none','none','thin','black'),('treatment','hl10',NULL,'div','463','0',NULL,NULL,NULL,NULL,'293','0','solid','','none','none','none','thin','black'),('treatment','hl11',NULL,'div','505','0',NULL,NULL,NULL,NULL,'293','0','solid','','none','none','none','thin','black'),('treatment','hl12',NULL,'div','551','0',NULL,NULL,NULL,NULL,'293','0','solid','','none','none','none','thin','black'),('treatment','label5','AV FISTULA NEEDLE CANNULATION','span','730','5','verdana','bold','','12',NULL,NULL,NULL,NULL,NULL,NULL,NULL,NULL,NULL),('treatment','label7','NEW FISTULA ASSESSMENT','span','800','50','verdana','bold','','12',NULL,NULL,NULL,NULL,NULL,NULL,NULL,NULL,NULL),('treatment','hl16',NULL,'div','885','0',NULL,NULL,NULL,NULL,'292','0','solid','','none','none','none','thin','black'),('treatment','vl5',NULL,'div','463','144',NULL,NULL,NULL,NULL,'0','43','solid','none','none','','none','thin','black'),('treatment','vl6',NULL,'div','463','877',NULL,NULL,NULL,NULL,'0','43','solid','none','none','','none','thin','black'),('header','header1','St Raphael Foundation Medical Center','span','0','300','verdana','bold','','20',NULL,NULL,NULL,NULL,NULL,NULL,NULL,NULL,NULL),('header','header2','Mac Arthut Highway, Dau, Mabalacat Pampanga','span','25','290','verdana',NULL,NULL,'12',NULL,NULL,NULL,NULL,NULL,NULL,NULL,NULL,NULL),('header','header3','DOH Accreditation Number','span','40','430','verdana',NULL,NULL,'10',NULL,NULL,NULL,NULL,NULL,NULL,NULL,NULL,NULL),('header','header4','PHIC Accreditation Number','span','55','430','verdana',NULL,NULL,'10',NULL,NULL,NULL,NULL,NULL,NULL,NULL,NULL,NULL),('treatment','rhl9',NULL,'div','423','732',NULL,NULL,NULL,NULL,'293','0','solid','','none','none','none','thin','black'),('treatment','rhl13',NULL,'div','576','732',NULL,NULL,NULL,NULL,'293','0','solid','','none','none','none','thin','black'),('treatment','rhl12',NULL,'div','551','732',NULL,NULL,NULL,NULL,'293','0','solid','','none','none','none','thin','black'),('treatment','rhl11',NULL,'div','505','732',NULL,NULL,NULL,NULL,'293','0','solid','','none','none','none','thin','black'),('treatment','rhl10',NULL,'div','463','732',NULL,NULL,NULL,NULL,'293','0','solid','','none','none','none','thin','black'),('treatment','rhl8',NULL,'div','325','732',NULL,NULL,NULL,NULL,'293','0','solid','','none','none','none','thin','black'),('treatment','rhl7',NULL,'div','300','732',NULL,NULL,NULL,NULL,'293','0','solid','','none','none','none','thin','black'),('treatment','rhl14',NULL,'div','618','732',NULL,NULL,NULL,NULL,'293','0','solid','','none','none','none','thin','black'),('treatment','rhl17',NULL,'div','769','732',NULL,NULL,NULL,NULL,'293','0','solid','','none','none','none','thin','black'),('treatment','rhl16',NULL,'div','679','732',NULL,NULL,NULL,NULL,'293','0','solid','','none','none','none','thin','black'),('treatment','hl5.50',NULL,'div','248','0',NULL,NULL,NULL,NULL,'1024','0','solid','','none','none','none','thin','black'),('treatment','rhl18',NULL,'div','829','732',NULL,NULL,NULL,NULL,'293','0','solid','','none','none','none','thin','black');

/*Table structure for table `lab_categories` */

DROP TABLE IF EXISTS `lab_categories`;

CREATE TABLE `lab_categories` (
  `category_id` int(11) NOT NULL AUTO_INCREMENT,
  `category_name` varchar(50) DEFAULT NULL,
  `active` enum('0','1') DEFAULT '1',
  PRIMARY KEY (`category_id`)
) ENGINE=InnoDB AUTO_INCREMENT=13 DEFAULT CHARSET=latin1;

/*Data for the table `lab_categories` */

insert  into `lab_categories`(`category_id`,`category_name`,`active`) values (1,'Hematology','1'),(2,'Urinalysis','1'),(3,'Blood Chem','1'),(4,'Elecs','1'),(5,'Hepatitis Profile','1'),(6,'Others','1'),(7,'ABG','1'),(8,'UTZ','1'),(9,'X-ray','1'),(10,'ECG/Echo','1'),(11,'Iron Studies','1'),(12,'Adequacy','1');

/*Table structure for table `lab_entries` */

DROP TABLE IF EXISTS `lab_entries`;

CREATE TABLE `lab_entries` (
  `entry_id` int(11) DEFAULT NULL,
  `property_id` int(11) DEFAULT NULL,
  `entry_value` varchar(200) DEFAULT NULL
) ENGINE=InnoDB DEFAULT CHARSET=latin1;

/*Data for the table `lab_entries` */

insert  into `lab_entries`(`entry_id`,`property_id`,`entry_value`) values (1,1,' '),(1,2,' '),(1,3,' '),(1,4,'34'),(1,5,' '),(1,6,' '),(1,7,' '),(1,8,' '),(1,9,' '),(1,10,' '),(1,11,' '),(1,12,' '),(1,13,' '),(1,14,' '),(1,15,' '),(1,16,' '),(1,17,' '),(1,96,' ');

/*Table structure for table `lab_entry_list` */

DROP TABLE IF EXISTS `lab_entry_list`;

CREATE TABLE `lab_entry_list` (
  `entry_id` int(11) NOT NULL DEFAULT '0',
  `person_id` int(11) DEFAULT '0',
  `category_id` int(11) DEFAULT '0',
  PRIMARY KEY (`entry_id`)
) ENGINE=InnoDB DEFAULT CHARSET=latin1;

/*Data for the table `lab_entry_list` */

insert  into `lab_entry_list`(`entry_id`,`person_id`,`category_id`) values (1,51,1);

/*Table structure for table `lab_logs` */

DROP TABLE IF EXISTS `lab_logs`;

CREATE TABLE `lab_logs` (
  `entry_id` int(11) DEFAULT NULL,
  `entry_date` varchar(20) DEFAULT NULL,
  `entry_time` varchar(20) DEFAULT NULL,
  `updated_by` int(11) DEFAULT NULL,
  `log_status` varchar(100) DEFAULT NULL,
  `remarks` varchar(200) DEFAULT NULL
) ENGINE=InnoDB DEFAULT CHARSET=latin1;

/*Data for the table `lab_logs` */

insert  into `lab_logs`(`entry_id`,`entry_date`,`entry_time`,`updated_by`,`log_status`,`remarks`) values (1,'20160622','214215',0,'UPDATE','');

/*Table structure for table `lab_properties` */

DROP TABLE IF EXISTS `lab_properties`;

CREATE TABLE `lab_properties` (
  `property_id` int(11) NOT NULL,
  `property_name` varchar(200) DEFAULT NULL,
  `category_id` int(11) DEFAULT NULL,
  `normal_value` varchar(100) DEFAULT NULL,
  `active` enum('0','1') DEFAULT '1',
  PRIMARY KEY (`property_id`)
) ENGINE=InnoDB DEFAULT CHARSET=latin1;

/*Data for the table `lab_properties` */

insert  into `lab_properties`(`property_id`,`property_name`,`category_id`,`normal_value`,`active`) values (1,'Hgb',1,'M135-165 F12-15','1'),(2,'Hct',1,'M41-50 F36-44','1'),(3,'WBC',1,'5-10','1'),(4,'Seg',1,'50-65%','1'),(5,'Lympho',1,'15-40%','1'),(6,'Mono',1,'2-6%','1'),(7,'Eos',1,'1-5%','1'),(8,'Baso',1,'0-1%','1'),(9,'Plt',1,'150-450','1'),(10,'MCV',1,'80-100','1'),(11,'MCH',1,'26-34','1'),(12,'MCHC',1,'31-37','1'),(13,'Protime',1,'32-45s','1'),(14,'aPTT',1,'32-45s','1'),(15,'INR',1,'1','1'),(16,'CT',1,'5-15m','1'),(17,'BT',1,'3-7m','1'),(18,'Color',2,'yellow','1'),(19,'Trans',2,'clear','1'),(20,'pH',2,'4-7.5','1'),(21,'SG',2,'1.001-1.035','1'),(22,'Alb',2,'neg','1'),(23,'Sugar',2,'neg','1'),(24,'WBC',2,'0-10','1'),(25,'RBC',2,'0-10','1'),(26,'Sq. Cell',2,'0-few','1'),(27,'Bact',2,'none','1'),(28,'Cast',2,'none','1'),(29,'Yeast',2,'none','1'),(30,'Others',2,'','1'),(31,'FBS',3,'60-100mg/dl','1'),(32,'BUN',3,'6-23mg/dl','1'),(33,'Crea',3,'0.6-1.5mg/dl','1'),(34,'TC',3,'<200mg/dl','1'),(35,'TG',3,'<170mg/dl','1'),(36,'HDL',3,'>55mg/dl','1'),(37,'LDL',3,'<100mg/dl','1'),(38,'BUA',3,'M3.5-7.7 F2.5-6.6mg/dl','1'),(39,'SGPT/ALT',3,'9-32U/L','1'),(40,'SGOT/AST',3,'M7-21 F6-18U/L','1'),(41,'2\'PP',3,'<200mg/dl','1'),(42,'HbAiC',3,'<6.5%','1'),(43,'TP',3,'6-9g/dl','1'),(44,'Alb',3,'3.5-5.0g/dl','1'),(45,'Glob',3,'2.4-3.5g/dl','1'),(46,'Alk Phos',3,'32-110U/L','1'),(47,'Amylase',3,'50-150U/dl','1'),(48,'Tbili',3,'50-150U/L','1'),(49,'B1',3,'<0.4mg/dl','1'),(50,'B2',3,'toal-direct','1'),(51,'Lipase',3,'10-140U/L','1'),(52,'Na',4,'135-147mEq/L','1'),(53,'K',4,'3.5-5.2mEq/L','1'),(54,'Cl',4,'95-107mEq/L','1'),(55,'Ca',4,'8.8-10.3mg/dl','1'),(63,'iC',4,'2.24-2.46mEq/L','1'),(64,'Mg',4,'1.6-2.4mEq/L','1'),(65,'Po4',4,'2.5-4.5mg/dl','1'),(66,'C3',5,'.075-1.61g/L','0'),(67,'ANA',5,'neg','0'),(68,'ASO',5,'<200u/ml','0'),(69,'HbsAg',5,'NR','1'),(70,'Anti-HBS',5,'R','1'),(71,'Anti-HCV',5,'NR','1'),(72,'24\' urine alb',5,'<150mg/24hr','0'),(73,'T3',6,'2.3-4.2pg/ml','1'),(74,'FT3',6,'2.3-4.2pg/ml','1'),(75,'T4',6,'4-12ug/dl','1'),(76,'FT4',6,'0.5-2.1ng/dl','1'),(77,'TSH',6,'0.25-4.3uu/ml','1'),(78,'PTH',6,'12-68pg/ml','1'),(79,'Iron',11,'65-150ug/dl','1'),(80,'TIBC',11,'250-420ug/dl','1'),(81,'Ferritin',11,'13-300ng/ml','1'),(82,'Transferrin',6,'>200mg/dl','1'),(83,'PSA',6,'<4ng/ml','1'),(84,'pH',7,'7.35-7.45','1'),(85,'PaCO2',7,'35-45mmHg','1'),(86,'HCO3',7,'22-26mEq/L','1'),(87,'O2 sat',7,'96-100%','1'),(88,'PaO2',7,'85-100mmHg','1'),(89,'BE',7,'-2to+2mmol/L','1'),(92,'UTZ',8,'','1'),(93,'X-RAY',9,'','1'),(94,'ECG/ECHO',10,'','1'),(95,'Fecalysis',6,'','1'),(96,'PA',1,'','1'),(97,'C2TDx',3,'','1'),(98,'Pre-BUN',12,NULL,'1'),(99,'Post-BUN',12,NULL,'1'),(100,'URR',12,NULL,'1'),(101,'Duration',12,NULL,'1'),(102,'Post HD Weight',12,NULL,'1'),(103,'Kt/V',12,NULL,'1'),(104,'TSat',11,NULL,'1'),(105,'UF',12,NULL,'1'),(106,'Weight',12,NULL,'1');

/*Table structure for table `meds_list` */

DROP TABLE IF EXISTS `meds_list`;

CREATE TABLE `meds_list` (
  `med_id` int(11) NOT NULL,
  `med_name` varchar(200) DEFAULT NULL,
  `active` enum('0','1') DEFAULT '1',
  PRIMARY KEY (`med_id`)
) ENGINE=InnoDB DEFAULT CHARSET=latin1;

/*Data for the table `meds_list` */

insert  into `meds_list`(`med_id`,`med_name`,`active`) values (1,'Acarbose','1'),(2,'Acetylcysteine','1'),(3,'Acyclovir','1'),(4,'Albuterol','1'),(5,'Alendronate sodium','1'),(7,'Aliskiren','1'),(9,'Allopurinol','1'),(10,'AlphaCalcidol (One Alpha)','1'),(11,'Alprazolam','1'),(12,'Amantadine','1'),(13,'Ambroxol','1'),(14,'Amiloride','1'),(15,'Amiloride/HCTZ tablet','1'),(16,'Aminophylline','1'),(17,'Amiodarone','1'),(18,'Amitriptyline','1'),(19,'Amlodipine','1'),(20,'Amlodipine + Atorvastatin','1'),(21,'Amoxicillin','1'),(22,'Anagrelide','1'),(23,'Ascorbic Acid','1'),(24,'Aspirin','1'),(25,'Atenolol','1'),(26,'Atorvastatin','1'),(27,'Azathioprine','1'),(28,'Azithromycin','1'),(29,'Benazepril HCL','1'),(30,'Betahistine','1'),(31,'Betamethasone cream','1'),(32,'Bethanechol','1'),(33,'Isoniazid + Rifampicin','1'),(34,'Bisacodyl','1'),(35,'Bromocriptine','1'),(36,'Bumetanide','1'),(37,'Calcitriol','1'),(38,'Calcium acetate capsule','1'),(39,'Calcium Carbonate','1'),(40,'Captopril','1'),(41,'Carbamazepine','1'),(42,'Carbidopa/Levodopa','1'),(43,'Carvedilol','1'),(44,'Cefaclor','1'),(45,'Ceftazidime','1'),(46,'Ceftriaxone','1'),(47,'Cefuroxime','1'),(48,'Celecoxib','1'),(49,'Celemin','1'),(74,'Cephalexin','1'),(75,'Chlorpromazine','1'),(76,'Chlorpropamide','1'),(77,'Cilostazol','1'),(78,'Cimetidine','1'),(79,'Cinacalcet (Sensipar)','1'),(80,'Cinnarizine','1'),(81,'Ciprofloxacin','1'),(82,'Citicoline','1'),(83,'Clarithromycin','1'),(84,'Clemastine','1'),(85,'Clindamycin','1'),(86,'Clobetasol propionate cream','1'),(87,'Clomiphene citrate','1'),(88,'Clonazepam','1'),(89,'Clonidine','1'),(90,'Clopidogrel','1'),(91,'Co-Amoxiclav','1'),(92,'Colchicine','1'),(93,'Cotrimoxazole','1'),(94,'Cyanocobalamin injection','1'),(95,'Cyclophosphamide','1'),(96,'Cyclosporine','1'),(97,'Dapsone','1'),(98,'Desmopressin nasal spray','1'),(99,'Dexamethasone','1'),(100,'Diazepam','1'),(101,'Diclofenac','1'),(102,'Digoxin','1'),(103,'Diltiazem','1'),(104,'Dipyridamole','1'),(105,'Domperidone','1'),(106,'Doxycycline','1'),(107,'Enalapril','1'),(108,'Enalapril/HCTZ','1'),(109,'Eperisone','1'),(110,'Eprosartan','1'),(111,'Erythromycin','1'),(112,'Erythropoetin Alpha','1'),(113,'Lanthanum Carbonate','1'),(114,'Erythropoetin Beta','1'),(115,'Esomeprazole','1'),(116,'Essentialle','1'),(117,'Estazolam','1'),(118,'Ethambutol','1'),(119,'Famotidine','1'),(120,'Felodipine','1'),(121,'Fenofibrate','1'),(122,'Ferrous Sulfate','1'),(123,'Ferrous Sulfate + Folic Acid','1'),(124,'Fish Oil','1'),(125,'Fluconazole','1'),(126,'Flunarizine','1'),(127,'Fluoxetine','1'),(128,'Folic acid','1'),(129,'Fosinopril','1'),(130,'Fosinopril/HCTZ tablet','1'),(131,'Furosemide','1'),(132,'Rosuvastatin','1'),(133,'Gabapentin','1'),(134,'Itopride','1'),(135,'Ganciclovir','1'),(136,'Gemfibrozil','1'),(137,'Gentamicin','1'),(138,'Glibenclamide','1'),(139,'Gliclazide','1'),(140,'Diosmin + Hesperidin','1'),(141,'Glimepiride','1'),(142,'Glipizide','1'),(143,'Glucosamine sulfate','1'),(144,'Glipizide + Metformin','1'),(145,'Godex','1'),(146,'Haloperidol','1'),(147,'Heparin','1'),(148,'Hepatits B Vaccine','1'),(149,'Insulin','1'),(150,'Cranberry tab','1'),(151,'Hydralazine','1'),(152,'Hydrochlorothiazide','1'),(153,'Hydrocortisone','1'),(154,'Hydroxychloroquine','1'),(155,'Hydroxyurea','1'),(156,'Hydroxyzine HCL','1'),(157,'Ibuprofen','1'),(158,'Indapamide','1'),(159,'Indomethacin','1'),(160,'Ipratropium bromide solution','1'),(161,'Ipratropium-Fenoterol inhalation solution','1'),(162,'Irbesartan','1'),(163,'Isoniazid','1'),(164,'Isosorbide Dinitrate','1'),(165,'Pefloxacin','1'),(166,'Isosorbide-5-Mononitrate','1'),(167,'Itraconazole','1'),(168,'Iron Sucrose','1'),(169,'Ketoconazole shampoo','1'),(170,'Ketoconazole tablet','1'),(171,'Ketoprofen','1'),(172,'Ketoanalogues + Amino acids','1'),(173,'Spherical Carbon Adsorbent','1'),(174,'Labetalol','1'),(175,'Lactulose syrup','1'),(176,'Cefixime','1'),(177,'L-Carnithine','1'),(178,'Levofloxacin','1'),(179,'Levothyroxine','1'),(180,'','0'),(181,'Lisinopril','1'),(182,'Lisinopril/HCTZ','1'),(183,'Lithium','1'),(184,'Liverine','1'),(185,'Loperamide','1'),(186,'Lorazepam','1'),(187,'Losartan','1'),(188,'Losartan + HCTZ','1'),(189,'Lovastatin','1'),(190,'Lovaza (Omega-3-Acid Ethyl Esters)','1'),(191,'Maalox','1'),(192,'Manidipine','1'),(193,'Mebendazole','1'),(194,'Meclizine','1'),(195,'Mecobalamine','1'),(196,'Meloxicam','1'),(197,'Meperidine','1'),(198,'Metformin','1'),(199,'Methimazole','1'),(200,'Methotrexate','1'),(201,'Methyldopa','1'),(202,'Methylprednisolone','1'),(203,'Metoclopramide','1'),(204,'Metoprolol','1'),(205,'Metronidazole','1'),(206,'Midazolam','1'),(207,'Midodrine','1'),(208,'Minocycline','1'),(209,'Moexipril HCL','1'),(210,'Moexipril/HCTZ','1'),(211,'Mometasone cream/ointment','1'),(212,'Morphine','1'),(213,'Moxifloxacin','1'),(214,'Multivitamins','1'),(215,'Mupirocin ointment','1'),(216,'Mycophenolate Mofetil','1'),(217,'Myrin','1'),(218,'Myrin-P Forte','1'),(219,'Naproxen','1'),(220,'Nasatapp','1'),(221,'Nefrosteril','1'),(222,'Nicardipine','1'),(223,'Nifedipine','1'),(224,'Nitrofurantoin','1'),(225,'Nitroglycerin patch','1'),(226,'Norfloxacin','1'),(227,'Nystatin','1'),(228,'Ofloxacin','1'),(229,'Telmisartan + HCTZ','1'),(230,'Ofloxacin Ophthalmic Solution','1'),(231,'Olmesartan','1'),(232,'EPA-DHA','1'),(233,'Omeprazole','1'),(234,'OMX tablet','1'),(235,'Ondansetron','1'),(236,'Orlistat','1'),(237,'Pantoprazole','1'),(238,'Paracetamol','1'),(239,'Penicillin V','1'),(240,'Perindopril','1'),(241,'Perindopril + Amlodipine','1'),(242,'Permethrin 5% cream','1'),(243,'Phenobarbital','1'),(244,'Phenylephrine','1'),(245,'Phenytoin','1'),(246,'Pioglitazone','1'),(247,'Piroxicam','1'),(248,'Potassium citrate','1'),(249,'Pravastatin','1'),(250,'Prazosin','1'),(251,'Prednisone','1'),(252,'Probenecid','1'),(253,'Propranolol','1'),(254,'Propylthiouracil','1'),(255,'Pyrazinamide','1'),(256,'Quinapril','1'),(257,'Quinapril/HCTZ tablet','1'),(258,'Quinine','1'),(259,'Racecadotril','1'),(260,'Ramelteon','1'),(261,'Ramipril','1'),(262,'Ranitidine','1'),(263,'Residronate Sodium','1'),(264,'Calcium Polystyrene Sulfonate','1'),(265,'Ribavirin','1'),(266,'Rifampin','1'),(267,'Rimantadine','1'),(268,'Risperidone','1'),(269,'Salmeterol + Fluticasone','1'),(270,'Sevelamer Carbonate','1'),(271,'Sevelamer HCl','1'),(272,'Silver sulfadiazine cream','1'),(273,'Simvastatin','1'),(274,'Sitagliptin','1'),(275,'Sitagliptin + Metformin','1'),(276,'Sodium Bicarbonate','1'),(277,'Sotalol','1'),(278,'Spironolactone','1'),(279,'Spironolactone + Butizide','1'),(280,'Strepsils Lozenges','1'),(281,'Sucralfate','1'),(282,'Sulindac','1'),(283,'Tacrolimus','1'),(284,'Tamoxifen','1'),(285,'Tamsolucin','1'),(286,'Tazobactam + Piperacillin','1'),(287,'Telmisartan','1'),(288,'Terazosin','1'),(289,'Terbinafine HCL','1'),(290,'Tetracycline','1'),(291,'Theophylline','1'),(292,'Tizanidine','1'),(293,'Tramadol','1'),(294,'Trandolapril','1'),(295,'Triamcinolone','1'),(296,'Triamterene/HCTZ','1'),(297,'Urea cream','1'),(298,'Valacyclovir HCL','1'),(299,'Valproic acid','1'),(300,'Valsartan','1'),(301,'Valsartan + Amlodipine','1'),(302,'Verapamil','1'),(303,'Vildagliptin','1'),(304,'Vit B complex','1'),(305,'Warfarin','1'),(306,'Zidovudine','1'),(307,'Zolpidem','1'),(308,'Dutasteride + Tamsolucin','1'),(309,'Aluminum Hydroxide','1'),(310,'Imidapril','1'),(311,'Ezetamibe','1'),(312,'Buclizine','1'),(313,'Almitrine + Raubasine','1'),(314,'Polynerv','1'),(315,'Eprosartan + HCTZ','1'),(316,'Verapamil + Trandolapril','1'),(317,'Irbesartan + HCTZ','1'),(318,'Fexofenadine Hcl','1'),(319,'Bifix tab','1'),(320,'Nutrilite Calmag D','1'),(321,'Sultamicillin Tosylate','1'),(322,'Febuxostat','1'),(323,'Tranexamic acid','1'),(324,'Sulbutiamin','1'),(325,'Rebamipide','1'),(326,'Diphenhydramine','1'),(327,'Doxazosin','1'),(328,'Vildagliptin + Metformin','1'),(329,'Finasteride','1'),(330,'Nicotinic acid + Laropiprant','1'),(331,'Voglibose','1'),(332,'Cilazapril','1'),(333,'Cilazapril + HCTZ','1'),(334,'Sodium Chloride tab','1'),(335,'Melphalan','1'),(336,'Lacidipine','1'),(337,'Trimetazidine','1'),(338,'Combivent MDI','1'),(339,'Quadtab','1'),(340,'Perindopril + Indapamide','1'),(341,'Candesartan + HCTZ','1'),(342,'Potassium chloride','1'),(343,'Erythropoetin','1'),(344,'Trifusal','1'),(345,'Glibenclamide + Metformin','1'),(346,'Rosiglitazone','0'),(347,'Olmesartan + Amlodipine','1'),(348,'Rowatinex','1'),(349,'Mosegor Vita','1'),(350,'Oxybutyrine','1'),(351,'Sertraline','1'),(352,'Lecarnidipine','1'),(353,'Nebivolol','1'),(354,'Cloxacillin','1'),(355,'Bisoprolol','1'),(356,'Glimepiride + Metformin','1'),(357,'Felodipine + Metoprolol','1'),(358,'Ipratropium bromide + Salbutamol','1'),(359,'Salbutamol MDI','1'),(360,'Imidapril + HCTZ','1'),(361,'Buclizine + Iron','1'),(362,'Hyoscine-N-Butylbromide','1'),(363,'Silymarin','1'),(364,'Ezetamibe + Simvastatin','1'),(365,'Dibencozide','1'),(366,'Methoxy Polyethylene Glycol-epoetin beta','1'),(367,'Tramadol + Paracetamol','1'),(368,'Levodropropizine','1'),(369,'Candesartan','1'),(370,'Doxofyline','1'),(371,'Procaterol','1'),(372,'Ciprofibrate','1'),(373,'Ebastine + Betamethasone','1'),(374,'Piracetam','1'),(375,'Dutasteride','1'),(376,'Budesonide + Formoterol turbohaler','1'),(377,'Rosiglitazone + Metformin','1'),(378,'Melatonin','1'),(379,'Lansoprazole','1'),(380,'Saxagliptin','1'),(381,'Phospholipids + Multivitamins','1'),(382,'Hydrite tab','1'),(383,'Pentoxyfylline','1'),(384,'Ebastine','1'),(385,'Mefenamic acid','1'),(386,'Fibrosine sachet','1'),(387,'Loratadine','1'),(388,'Silymarine + Vit B complex','1'),(389,'Salbutamol + Guiafenesin','1'),(390,'Sodium Rabeprazole','1'),(391,'Valsartan + HCTZ','1'),(392,'Pioglitazone + Metformin','1'),(393,'Linagliptin','1'),(394,'Ferrous Fumarate','1'),(395,'Pregabalin','1'),(396,'Ursodeoxycholic acid','1'),(397,'Ivabradine','1'),(398,'Naproxen + Omeprazole','1'),(399,'Pizotifen','1'),(400,'Losartan + Amlodipine','1'),(401,'Sulodexide','1'),(402,'Ocuvite tab','1'),(403,'Bromazepam','1'),(404,'Ibandronic acid','1'),(405,'S-Amlodipine','1'),(406,'Dabigatran etexilate','1'),(407,'Etoricoxib','1'),(408,'Ural','1'),(409,'Nicorandil','1'),(410,'Eupatilin','1'),(411,'Valsartan + Amlodipine + HCTZ','1'),(412,'Amlodipine + HCTZ','1'),(413,'Dolo-Neurobion tab','1'),(414,'Risedronate sodium','1'),(415,'Repaglinide','1'),(416,'Lidocaine Patch','1'),(417,'Ubidecarinone','1'),(418,'Pantoprazole + Domperidone','1'),(419,'Cefpodoxime proxetil','1'),(420,'Sildenafil Citrate','1'),(421,'Tadalafil','1'),(422,'Vardenafil HCl','1'),(423,'Senna','1'),(424,'Clobetasol Propionate','1'),(425,'Butamirate citrate','1'),(426,'Montelukast Sodium','1'),(427,'Lamivudine','1'),(428,'Pinaverium Bromide','1'),(429,'Vit B complex + Vit E','1'),(430,'Amino Acids','0'),(431,'Dexlansoprazole','1'),(432,'Vitamin E','1'),(433,'Telmisartan + Amlodipine','1'),(434,'Mosapride','1'),(435,'Diclofenac + Cholestyramine','1'),(436,'Aceclofenac','1'),(437,'Saw Palmetto','1'),(438,'Telbivudine','1'),(439,'Clopidogrel + Aspirin','1'),(440,'Erdosteine','1'),(441,'Propan w/ iron','1'),(442,'Bisoprolo + HCTZ','1'),(443,'Cefalexin','1'),(444,'Fixcom 4','1'),(445,'Azilsartan Medoxomil','1'),(446,'Gingko Biloba','1'),(447,'Ferrous Fumarate + FA + Vit B2 & B12','1'),(448,'Rivaroxaban','1'),(449,'Dexlansoprazole','1'),(450,'Tiotropium Br','1'),(451,'Omeprazole + Sodium Bicarbonate','1'),(452,'Roflumilast','1'),(453,'Solifenacin Succinate','1'),(454,'Olmesartan + HCTZ','1'),(455,'Calcium + Cholecalciferol','1'),(456,'Tiropramide HCl','1'),(457,'Rifaximin','1'),(458,'Alpha Lipoic Acid','1'),(459,'Juvenaide sachet','1'),(460,'Linagliptin + Metformin','1'),(461,'Apixaban','1'),(462,'Dapagliflozin','1'),(463,'','0'),(464,'','0'),(465,'','0'),(466,'','0'),(467,'','0'),(468,'','0'),(469,'','0'),(470,'','0'),(471,'','0'),(472,'','0'),(473,'','0'),(474,'','0'),(475,'','0'),(476,'','0'),(477,'','0'),(478,'','0'),(479,'','0'),(480,'','0'),(481,'','0'),(482,'','0'),(483,'','0'),(484,'','0'),(485,'','0'),(486,'','0'),(487,'','0'),(488,'','0'),(489,'','0'),(490,'','0'),(491,'','0'),(492,'','0'),(493,'','0'),(494,'','0'),(495,'','0'),(496,'','0'),(497,'','0'),(498,'','0'),(499,'','0'),(500,'','0'),(501,'','0'),(502,'','0'),(503,'','0'),(504,'','0'),(505,'','0'),(506,'test1','1'),(507,'Eprex','1'),(508,'Ferrofer','1'),(509,'Vitamin d3','1'),(510,'Glyburide','1'),(511,'Renogen','1'),(512,'Caltrate Plus','1'),(513,'Trajenta','1'),(514,'Diamicron','1'),(515,'Fortifer Fa','1'),(516,'Coralan','1'),(517,'Vitamin B complex','1'),(518,'Recormon','1'),(519,'Iterax','1'),(520,'Seretide','1'),(521,'Approvel','1'),(522,'Lanoxin','1'),(523,'Calcibloc','1'),(524,'Iberet FA','1'),(525,'Cetirizine','0'),(526,'terraferon','1'),(527,'Vidagliptin','1'),(528,'Appebon with Iron','1'),(529,'Neprocan','1'),(530,'Amlodipine+Valsartan','1'),(531,'Divalproex Sodium','1'),(532,'Levetiracetam','0'),(533,'Tramadol+Paracetamol','1'),(534,'Polynerve','1'),(535,'Calcium Polystryrene Sulfonate','1'),(536,'Amlodipine + Olmesartan Medoxomil','1'),(537,'Metolazone','1'),(538,'Pizotifen','1'),(539,'Andriol Testocaps','1'),(540,'Folic Acid + Vits. B1/B6/B12 + Vit. E','1'),(541,'Isosorbide mononitrate','1'),(542,'Amlodipine besilate + Atorvastatin Ca','1'),(543,'Amlodipine','1'),(544,'Amoxicillin + Clavulanate Potassium','1'),(545,'Gliclazide','1'),(546,'Isosorbide mononitrate','1'),(547,'Iterax','1'),(548,'Nutren Diabetes','1'),(549,'Loratidine','1'),(550,'Chlorphenamine maleate','1'),(551,'Omacor','1'),(552,'Amlodipine + Perindopril','1'),(553,'Methyldopa','1'),(554,'Folic Acid + Vitamin B Complex','1'),(555,'metoz','1'),(556,'tapdin','1'),(557,'lexotan','1'),(558,'propanolol','1'),(559,'montra','1'),(560,'vastarel Mr','1'),(561,'augmentin','1'),(562,'concore','1'),(563,'adalat','1'),(564,'renagel','1'),(565,'burinex','1'),(566,'juvenaid','1'),(567,'heraclene','1'),(568,'glucosamine sulfate','1'),(569,'lantus','1'),(570,'Vitamin B complex','0'),(571,'approvel','1'),(572,'faktu','1'),(573,'ursoliv','1'),(574,'thrombocil','1'),(575,'rimactazid','1'),(576,'ferrous sulfate + folic acid + vit B complex','1'),(577,'celebrex','1'),(578,'Ventolin expectorant','0'),(579,'co-trimoxazole','1'),(580,'tuseran forte','1'),(581,'Regeron E','1'),(582,'unasyn','1'),(583,'dalzen','1'),(584,'senokot','1'),(585,'hidrasec','1'),(586,'nimodipine','1'),(587,'jovia','1'),(588,'rivotril','1'),(589,'rifampicin','1'),(590,'Sinupret','1'),(591,'januvia','1'),(592,'januvia','1'),(593,'Losartan + Hydrochlorothiazide','0'),(594,'isosorbide mononitrate','1'),(595,'urinorm','1'),(596,'Nafarin A','1'),(597,'co-diovan','1'),(598,'biotin','1'),(599,'nervex','1'),(600,'fenofibrate ','1'),(601,'fortifer hemarate','1'),(602,'NEUROAID','1'),(603,'Citicholine','1'),(604,'arcoxia','1'),(605,'eposino','1'),(606,'renvela','0'),(607,'songobian','0'),(608,'gasmotin','1'),(609,'normix','1'),(610,'cefixime ','1'),(611,'Phoslo','1'),(612,'Procardia XL','1'),(613,'Hydroxizine hcl','1'),(614,'spiriva','1'),(615,'humulin','1'),(616,'rebapimide','1'),(617,'virlix','1'),(618,'dulcolax','1'),(619,'ramipril','1'),(620,'aronamin','0'),(621,'moramin forte','1'),(622,'prazole plus','1'),(623,'Rosuvastatin Calcium (Crestor)','0'),(624,'ampicillin+sulbactam','1'),(625,'doloneurobion','1'),(626,'olanzapine','1'),(627,'dreamwell','1'),(628,'Phenylephrine','1'),(629,'Tamsolusin Hydrochloride + Finasteride','1'),(630,'Tamsolusin HDL + Finasteride','1'),(631,'Hemarate FA','1'),(632,'Neurobion','1'),(633,'micardis','1'),(634,'lyrica','1'),(635,'mucosta','1'),(636,'airfusal','1'),(637,'centrum','1'),(638,'hydroxyurea','1'),(639,'vessel due','1'),(640,'Zoloft','1'),(641,'carnicor','1'),(642,'diomide k','1'),(643,'daflon','1'),(644,'duavent inhaler','1'),(645,'novomix','1'),(646,'meropenem','1'),(647,'vancomycin','1'),(648,'rocatrol','1'),(649,'fenoflex','1'),(650,'kremil s','1'),(651,'Amlodipine + Losartan','1'),(652,'multivitamins + iron','0');

/*Table structure for table `meds_prep` */

DROP TABLE IF EXISTS `meds_prep`;

CREATE TABLE `meds_prep` (
  `prep_id` int(11) NOT NULL,
  `med_id` int(11) DEFAULT NULL,
  `prep_name` varchar(200) DEFAULT NULL,
  `active` enum('0','1') DEFAULT '1',
  PRIMARY KEY (`prep_id`)
) ENGINE=InnoDB DEFAULT CHARSET=latin1;

/*Data for the table `meds_prep` */

insert  into `meds_prep`(`prep_id`,`med_id`,`prep_name`,`active`) values (1,83,'500mg/tab','1'),(2,1,'50mg/cap','1'),(3,1,'100mg/tab','1'),(4,2,'(Fluimucil) 600mg/tab','1'),(5,3,'200mg/tab','1'),(6,3,'400mg/tab','1'),(7,3,'800mg/tab','1'),(8,5,'(Fosamax) 10mg/tab','0'),(9,5,'(Fosamax) 70mg/tab','0'),(10,7,'(Rasilez) 150mg/tab','1'),(11,7,'(Rasilez) 300mg/tab','1'),(12,9,'100mg/tab','1'),(13,9,'300mg/tab','1'),(14,11,'(Xanor) 250ug/tab','0'),(15,11,'(Xanor) 500ug/tab','1'),(16,13,'30mg/tab','1'),(17,13,'(Ambrolex) 75mg/tab','1'),(18,17,'(Cordarone) 200mg/tab','1'),(19,19,'(Aforbes) 5mg/tab','1'),(20,19,'(Norvasc) 10mg/tab','1'),(21,20,'(Norvasc Protect) 5/10mg/tab','1'),(22,20,'(Norvasc Protect) 10/10mg/tab','1'),(23,21,'250mg/cap','1'),(24,21,'500mg/cap','1'),(25,22,'500mcg/tab','1'),(26,23,'500mg/tab','1'),(27,24,'80mg/tab','1'),(28,25,'50mg/tab','1'),(29,25,'100mg/tab','1'),(30,26,'(Lipitor) 10mg/tab','1'),(31,26,'(Lipitor) 20mg/tab','1'),(32,26,'(Lipitor)  40mg/tab','1'),(33,26,'(Lipitor)  80mg/tab','1'),(34,30,'(Serc) 8mg/tab','1'),(35,30,'(Serc) 16mg/tab','1'),(36,30,'(Serc) 24mg/tab','1'),(37,36,'1mg/tab','1'),(38,37,'0.25mcg/tab','1'),(39,39,'500mg/tab','1'),(40,40,'25mg/tab','1'),(41,41,'200mg/tab','1'),(42,41,'400mg/tab','1'),(43,43,'6.25mg/tab','0'),(44,43,'12.5mg/tab','0'),(45,43,'25mg/tab','1'),(46,44,'500mg/tab','1'),(47,48,'100mg/cap','1'),(48,48,'200mg/cap','1'),(49,48,'400mg/cap','1'),(50,49,'500ml/vial','1'),(51,1,'250mg/cap','1'),(52,74,'500mg/cap','1'),(53,77,'50mg/tab','1'),(54,77,'100mg/tab','1'),(55,78,'200mg/tab','1'),(56,78,'400mg/tab','1'),(57,81,'250mg/tab','1'),(58,81,'500mg/tab','1'),(59,81,'200mg/vial','1'),(60,81,'400mg/vial','1'),(61,82,'100mg/ml','1'),(62,82,'500mg/tab','1'),(63,82,'1gm/tab','1'),(64,82,'500mg/2ml amp','1'),(65,83,'250mg/tab','1'),(66,85,'300mg/cap','1'),(67,85,'600mg/cap','1'),(68,89,'75mcg/tab','1'),(69,89,'150mcg/tab','1'),(70,90,'75mg/tab','1'),(71,91,'375mg/tab','1'),(72,91,'625mg/tab','1'),(73,92,'500mcg/tab','1'),(74,93,'400/80mg/tab','1'),(75,93,'800/160mg/tab','1'),(76,100,'5mg/tab','1'),(77,100,'10mg/tab','1'),(78,102,'0.25mg/tab','1'),(79,103,'30mg/tab','1'),(80,103,'60mg/tab','1'),(81,103,'90mg/tab','1'),(82,103,'180mg/tab','1'),(83,104,'25mg/tab','1'),(84,104,'50mg/tab','1'),(85,105,'10mg/tab','1'),(86,106,'100mg/cap','1'),(87,107,'5mg/tab','1'),(88,107,'10mg/tab','1'),(89,107,'20mg/tab','1'),(90,111,'500mg/cap','1'),(91,112,'4000u/pfs','1'),(92,113,'(Phosrenol) 500mg/tab','1'),(93,114,'(Recormon) 5000u/pfs','1'),(94,115,'(Nexium) 20mg/tab','1'),(95,115,'(Nexium) 40mg/tab','1'),(96,118,'400mg/tab','1'),(97,120,'(Plendil) 2.5mg/tab','1'),(98,120,'(Plendil) 5mg/tab','1'),(99,120,'(Plendil) 10mg/tab','1'),(100,127,'20mg/tab','1'),(101,131,'40mg/tab','1'),(102,134,'(Ganaton) 50mg/tab','1'),(103,138,'5mg/tab','1'),(104,139,'80mg/tab','1'),(105,140,'(Hemo Rid) 450/50mg/tab','1'),(106,141,'1mg/tab','1'),(107,141,'2mg/tab','1'),(108,141,'3mg/tab','1'),(109,141,'4mg/tab','1'),(110,142,'5mg/tab','1'),(111,143,'(Flexsa) 1500mg sachet','1'),(112,143,'','0'),(113,143,'','0'),(114,151,'25mg/tab','1'),(115,152,'25mg/tab','1'),(116,162,'150mg/tab','1'),(117,162,'300mg/tab','1'),(118,164,'5mg/tab','1'),(119,164,'10mg/tab','1'),(120,165,'(Peraxin) 400mg/tab','1'),(121,165,'','0'),(122,166,'30mg/tab','1'),(123,166,'60mg/tab','1'),(124,168,'100mg/amp','1'),(125,172,'(Ketolog) 600mg/tab','1'),(126,178,'500mg/tab','1'),(127,178,'750mg/tab','1'),(128,178,'250mg/tab','1'),(129,181,'10mg/tab','1'),(130,181,'20mg/tab','1'),(131,181,'5mg/tab','1'),(132,187,'50mg/tab','1'),(133,187,'100mg/tab','1'),(134,192,'10mg/tab','1'),(135,196,'15mg/tab','1'),(136,203,'10mg/tab','1'),(137,204,'50mg/tab','1'),(138,204,'100mg/tab','1'),(139,205,'500mg/tab','1'),(140,209,'7.5mg/tab','1'),(141,209,'15mg/tab','1'),(142,210,'15mg/12.5mg/tab','1'),(143,216,'500mg/tab','1'),(144,221,'500ml/vial','1'),(145,223,'5mg/cap','1'),(146,223,'10mg/cap','1'),(147,223,'20mg/cap','1'),(148,223,'30mg/cap','1'),(149,223,'60mg/cap','1'),(150,224,'100mg/tab','1'),(151,225,'5mg','1'),(152,225,'10mg','1'),(153,226,'200mg/cap','1'),(154,226,'400mg/cap','1'),(155,228,'200mg/tab','1'),(156,228,'400mg/tab','1'),(157,233,'20mg/cap','1'),(158,238,'500mg/tab','1'),(159,240,'5mg/tab','1'),(160,240,'10mg/tab','1'),(161,241,'(Coveram) 5/5mg/tab','1'),(162,241,'(Coveram) 5/10mg/tab','1'),(163,241,'(Coveram) 10/5mg/tab','1'),(164,241,'(Coveram) 10/10mg/tab','1'),(165,251,'5mg/tab','1'),(166,251,'10mg/tab','1'),(167,251,'30mg/tab','1'),(168,251,'60mg/tab','1'),(169,253,'10mg/tab','1'),(170,260,'(Rozerem) 8mg/tab','1'),(171,262,'75mg/tab','1'),(172,262,'150mg/tab','1'),(173,262,'300mg/tab','1'),(174,270,'(Renvela) 800mg/tab','1'),(175,271,'(Renagel) 800mg/tab','1'),(176,273,'10mg/tab','1'),(177,273,'20mg/tab','1'),(178,273,'40mg/tab','1'),(179,274,'(Januvia) 50mg/tab','1'),(180,274,'(Januvia) 100mg/tab','1'),(181,275,'(Janumet) 50/500mg/tab','1'),(182,275,'(Janumet) 100/500mg/tab','1'),(183,275,'(Janumet) 100/850mg/tab','1'),(184,276,'650mg/tab','1'),(185,276,'325mg/tab','0'),(186,281,'1gm/tab','1'),(187,285,'200ug/tab','1'),(188,287,'(Micardis) 40mg/tab','1'),(189,287,'(Micardis) 80mg/tab','1'),(190,288,'2mg/tab','1'),(191,293,'50mg/cap','1'),(192,293,'100mg/tab','1'),(193,300,'(Diovan) 80mg/tab','1'),(194,300,'(Diovan) 160mg/tab','1'),(195,305,'5mg/tab','1'),(196,309,'(Alutab) 600mg/tab','1'),(197,198,'500mg/tab','1'),(198,198,'850mg/tab','1'),(199,310,'5mg/tab','1'),(200,310,'10mg/tab','1'),(201,310,'','0'),(202,199,'5mg/tab','1'),(203,194,'12.5mg/tab','0'),(204,194,'25mg/tab','0'),(205,10,'0.25mcg/tab','1'),(206,27,'50mg/tab','1'),(207,28,'250mg/tab','0'),(208,28,'500mg/tab','1'),(209,33,'(Bifix) 75/150mg/tab','1'),(210,34,'10mg/tab','1'),(211,29,'5mg/tab','1'),(212,29,'10mg/tab','1'),(213,45,'500mg/vial','1'),(214,45,'1gm/vial','1'),(215,46,'500mg/vial','1'),(216,46,'1gm/vial','1'),(217,47,'500mg/tab','1'),(218,47,'250mg/tab','1'),(219,47,'750/vial','1'),(220,47,'1.5gm/vial','1'),(221,80,'(Stugeron) 25mg/tab','1'),(222,80,'(Stugeron) 75mg/cap','1'),(223,84,'1mg/tab','1'),(224,88,'(Rivotril) 2mg/tab','1'),(225,95,'50mg/tab','1'),(226,95,'500mg/vial','1'),(227,96,'25mg/tab','1'),(228,96,'100mg/tab','1'),(229,96,'100mg/ml vial','1'),(230,99,'500mcg/tab','1'),(231,99,'4mg/tab','1'),(232,101,'25mg/tab','1'),(233,101,'50mg/tab','1'),(234,101,'140mg/cap','1'),(235,108,'20/12.5mg/tab','1'),(236,109,'50mg/tab','1'),(237,117,'1mg/tab','1'),(238,121,'160mg/tab','1'),(239,121,'200mg/tab','1'),(240,126,'5mg/tab','1'),(241,129,'10mg/tab','1'),(242,40,'50mg/tab','1'),(243,133,'100mg/cap','1'),(244,133,'300mg/cap','1'),(245,133,'400mg/cap','1'),(246,133,'600mg/tab','1'),(247,136,'300mg/cap','1'),(248,136,'600mg/tab','1'),(249,138,'2.5mg/tab','1'),(250,142,'2.5mg/tab','1'),(251,142,'10mg/tab','1'),(252,157,'200mg/tab','1'),(253,163,'100mg/tab','1'),(254,163,'300mg/tab','1'),(255,163,'400mg/tab','1'),(256,185,'2mg/cap','1'),(257,189,'20mg/tab','1'),(258,193,'500mg/tab','1'),(259,195,'(Methycobal) 500mcg/tab','1'),(260,206,'(Dormicum) 15mg/tab','1'),(261,213,'400mg/tab','1'),(262,219,'500mg/tab','1'),(263,222,'2mg/amp','1'),(264,222,'10mg/amp','1'),(265,231,'20mg/tab','1'),(266,235,'8mg/tab','1'),(267,235,'8mg/4ml amp','1'),(268,235,'4mg/2ml amp','1'),(269,246,'15mg/tab','1'),(270,246,'30mg/tab','1'),(271,247,'10mg/cap','1'),(272,247,'20mg/cap','1'),(273,249,'10mg/tab','1'),(274,249,'20mg/tab','1'),(275,254,'50mg/tab','1'),(276,255,'500mg/tab','1'),(277,301,'(Exforge) 80/5mg/tab','1'),(278,301,'(Exforge) 80/10mg/tab','0'),(279,301,'(Exforge) 160/5mg/tab','1'),(280,301,'(Exforge) 160/10mg/tab','1'),(281,301,'(Exforge) 320/5mg/tab','0'),(282,301,'(Exforge) 320/10mg/tab','0'),(283,311,'(Ezetrol) 10mg/tab','1'),(284,311,'','0'),(285,132,'(Crestor) 10mg/tab','1'),(286,132,'(Crestor) 20mg/tab','1'),(287,132,'(Crestor) 40mg/tab','1'),(288,180,'','0'),(289,42,'25/100mg/tab','1'),(290,42,'25/250mg/tab','1'),(291,110,'600mg/tab','1'),(292,119,'20mg/tab','1'),(293,119,'40mg/tab','1'),(294,125,'50mg/tab','1'),(295,125,'150mg/tab','1'),(296,125,'200mg/tab','1'),(297,128,'5mg/tab','1'),(298,11,'(Xanor) 1mg/tab','1'),(299,130,'10/12.5mg/tab','1'),(300,137,'40mg/2ml vial','1'),(301,137,'80mg/2ml vial','1'),(302,148,'20mcg/ml','1'),(303,158,'1.5mg/tab','1'),(304,159,'100mg/cap','1'),(305,170,'200mg/tab','1'),(306,167,'100mg/cap','1'),(307,177,'(Carnicor) 330mg/tab','1'),(308,177,'(Carnicor) 1gm/5ml amp','1'),(309,177,'(Carnicor) 1gm/10ml amp','1'),(310,179,'25mcg/tab','1'),(311,179,'50mcg/tab','1'),(312,179,'100mcg/tab','1'),(313,188,'50/12.5mg/tab','1'),(314,188,'100/12.5mg/tab','1'),(315,200,'2.5mg/tab','1'),(316,200,'50mg/2ml vial','1'),(317,201,'250mg/tab','1'),(318,236,'120mg/cap','1'),(319,237,'20mg/tab','1'),(320,237,'40mg/tab','1'),(321,256,'5mg/tab','1'),(322,256,'10mg/tab','1'),(323,256,'20mg/tab','1'),(324,257,'20/12.5mg/tab','1'),(325,258,'325mg/tab','1'),(326,261,'2.5mg/tab','1'),(327,261,'5mg/tab','1'),(328,261,'10mg/tab','1'),(329,266,'300mg/tab','1'),(330,266,'450mg/tab','1'),(331,266,'600mg/tab','1'),(332,268,'2mg/tab','1'),(333,268,'3mg/tab','1'),(334,268,'4mg/tab','1'),(335,269,'(Seretide) 50/100 diskus','1'),(336,269,'(Seretide) 50/250 diskus','1'),(337,269,'(Seretide) 25/50 inhaler','1'),(338,269,'(Seretide) 25/125 inhaler','1'),(339,269,'(Seretide) 25/250 inhaler','1'),(340,278,'25mg/tab','1'),(341,278,'50mg/tab','1'),(342,278,'100mg/tab','1'),(343,279,'(Aldazide) 25/2.5mg/tab','1'),(344,283,'1mg/cap','1'),(345,283,'5mg/cap','1'),(346,284,'20mg/tab','1'),(347,286,'2.25gm/vial','1'),(348,286,'4.5gm/vial','1'),(349,290,'250mg/cap','1'),(350,290,'500mg/cap','1'),(351,291,'130mg/tab','1'),(352,302,'180mg/tab','1'),(353,302,'240mg/tab','1'),(354,302,'5mg/2ml amp','1'),(355,303,'(Galvus) 50mg/tab','1'),(356,307,'10mg/tab','1'),(357,317,'150/12.5mg/tab','1'),(358,317,'300/12.5mg/tab','1'),(359,323,'500mg/cap','1'),(360,324,'(Arcalion) 200mg/tab','1'),(361,325,'100mg/tab','1'),(362,326,'50mg/cap','1'),(363,327,'4mg/tab','1'),(364,328,'(GalvusMet) 50/500mg/tab','1'),(365,329,'(Atepros) 5mg/tab','1'),(366,330,'(Tredaptive) 1gm/20mg/tab','1'),(367,331,'(Basen) 0.2mg/tab','1'),(368,331,'(Basen) 0.3mg/tab','1'),(369,332,'(Vascase) 1mg/tab','1'),(370,332,'(Vascase) 2.5mg/tab','1'),(371,333,'(Vascase Plus) 5/12.5mg/tab','1'),(372,333,'','0'),(373,275,'(Janumet) 50/850mg/tab','1'),(374,336,'(Lacipil) 2mg/tab','1'),(375,336,'(Lacipil) 4mg/tab','1'),(376,336,'(Lacipil) 6mg/tab','1'),(377,337,'35mg/tab','1'),(378,340,'(Bipreterax) 4/1.25mg/tab','1'),(379,341,'16mg/12.5mg/tab','1'),(380,341,'','0'),(381,343,'2000u/pfs','1'),(382,343,'4000u/pfs','1'),(383,344,'(Grendis) 300mg/tab','1'),(384,345,'(Glucovance) 5/500mg/tab','1'),(385,345,'(Glucovance) 2.5/500mg/tab','1'),(386,345,'(Glucovance) 1.25/250mg/tab','1'),(387,346,'4mg/tab','1'),(388,346,'8mg/tab','1'),(389,347,'(Normetec) 20/5mg/tab','1'),(390,350,'(Driptane) 5mg/tab','1'),(391,351,'50mg/tab','1'),(392,352,'(Zanidip) 5mg/tab','1'),(393,352,'(Zanidip) 10mg/tab','1'),(394,352,'(Zanidip) 20mg/tab','1'),(395,245,'300mg/tab','1'),(396,245,'100mg/tab','1'),(397,275,'(Janumet) 50/1000mg/tab','1'),(398,354,'250mg/cap','1'),(399,354,'500mg/cap','1'),(400,355,'2.5mg/tab','1'),(401,355,'5mg/tab','1'),(402,355,'10mg/tab','1'),(403,356,'1/500mg/tab','1'),(404,356,'2/500mg/tab','1'),(405,356,'3/500mg/tab','1'),(406,356,'4/500mg/tab','1'),(407,144,'2.5/500mg/tab','1'),(408,144,'5/500mg/tab','1'),(409,357,'(Logimax) 5/50mg/tab','1'),(410,360,'5/12.5mg/tab','1'),(411,360,'10/12.5mg/tab','1'),(412,361,'(Appebon w/ iron)','1'),(413,362,'10mg/tab','1'),(414,363,'70mg/tab','1'),(415,363,'125mg/tab','1'),(416,363,'140mg/tab','1'),(417,364,'(Vytorin) 10/10mg/tab','1'),(418,364,'(Vytorin) 10/20mg/tab','1'),(419,364,'(Vytorin) 10/40mg/tab','1'),(420,367,'(Dolcet) 37.5/325mg/tab','1'),(421,368,'(Levopront) 30 mg/5 mL x 60 mL','1'),(422,368,'(Levopront) 30 mg/5 mL x 120 mL','1'),(423,189,'40mg/tab','1'),(424,32,'(Uriflow) 25mg/tab','1'),(425,285,'400ug/tab','1'),(426,369,'8mg/tab','1'),(427,369,'16mg/tab','1'),(428,139,'30mg/tab','1'),(429,370,'(Ansimar) 400mg/tab','1'),(430,371,'(Meptin) 25ug/tab','1'),(431,371,'(Meptin) 50ug/tab','1'),(432,372,'(Modalim) 100mg/tab','1'),(433,373,'(Co-Aleva) 10mg/0.5mg/tab','1'),(434,374,'800mg/tab','1'),(435,374,'1200mg/tab','1'),(436,375,'(Avodart) 0.5mg/cap','1'),(437,164,'20mg/tab','1'),(438,164,'40mg/tab','1'),(439,253,'40mg/tab','1'),(440,376,'160/4.5mcg','1'),(441,377,'4/500mg/tab','1'),(442,377,'8/500mg/tab','1'),(443,182,'10/12.5mg/tab','1'),(444,182,'20/12.5mg/tab','1'),(445,378,'3mg/cap','1'),(446,378,'6mg/cap','1'),(447,379,'30mg/tab','1'),(448,212,'5mg/tab','1'),(449,212,'10mg/tab','1'),(450,380,'(Onglyza) 2.5mg/tab','1'),(451,380,'(Onglyza) 5mg/tab','1'),(452,383,'400mg/tab','1'),(453,384,'(Aleva) 10mg/tab','1'),(454,24,'100mg/tab','1'),(455,385,'250mg/tab','1'),(456,385,'500mg/tab','1'),(457,249,'40mg/tab','1'),(458,387,'10mg/tab','1'),(459,192,'20mg/tab','1'),(460,389,'2/100mg/cap','1'),(461,391,'(Co-Diovan) 80/12.5mg/tab','1'),(462,391,'(Co-Diovan) 160/12.5mg/tab','1'),(463,393,'(Trajenta) 5mg/tab','1'),(464,394,'(Folamin)','1'),(465,394,'','0'),(466,395,'(Lyrica) 75mg/tab','1'),(467,395,'(Lyrica) 150mg/tab','1'),(468,396,'(Ursofalk) 250mg/cap','1'),(469,397,'(Coralan) 5mg/tab','1'),(470,397,'(Coralan) 7.5mg/tab','1'),(471,273,'80mg/tab','1'),(472,398,'(Selan Protect) 275/10mg/cap','1'),(473,400,'(Tozam) 50/5mg/tab','1'),(474,401,'(Vessel Due-F) 250LSU/cap','1'),(475,155,'500mg/tab','1'),(476,403,'1.5mg/tab','1'),(477,404,'(Bonviva) 150mg/tab','1'),(478,405,'5mg/tab','1'),(479,405,'2.5mg/tab','1'),(480,407,'(Arcoxia) 60mg/tab','1'),(481,407,'(Arcoxia) 120mg/tab','1'),(482,408,'4gm/sachet','1'),(483,409,'(Aprior) 10mg/tab','1'),(484,140,'(Daflon)','1'),(485,410,'(Stillen) 50mg/tab','1'),(486,411,'(Exforge HCT) 5mg/160mg/12.5mg/tab','1'),(487,411,'(Exforge HCT) 10mg/160mg/125mg/tab','1'),(488,412,'(Amvasc Plus) 5/12.5mg/tab','1'),(489,414,'(Actonel) 5mg/tab','1'),(490,415,'(Novonorm) 0.5mg/tab','1'),(491,416,'(Lignopad) 50mg/g','1'),(492,416,'','0'),(493,417,'(Neuquinon) 10mg/tab','1'),(494,418,'(Prazole Plus) 40mg/30mg/cap','1'),(495,419,'(Cefadox) 200mg/tab','1'),(496,420,'(Viagra) 25mg/tab','1'),(497,421,'(Cialis) 20mg/tab','1'),(498,422,'(Levitra) 5mg/tab','1'),(499,423,'(Senokot)','1'),(500,423,'','0'),(501,424,'(Dermovate cream)','1'),(502,424,'','0'),(503,425,'(Sinecod Forte) 50mg/tab','1'),(504,426,'4mg/tab','1'),(505,427,'(Zeffix) 100mg/tab','1'),(506,428,'(Eldicet) 50mg/tab','1'),(507,429,'(Neurogen-E) 1500mg/cap','1'),(508,431,'(Dexilant) 60mg/cap','1'),(509,432,'(Enat 400) 400mg/cap','1'),(510,433,'(Twynsta) 40/5mg/tab','1'),(511,433,'(Twynsta) 40/10mg/tab','1'),(512,433,'(Twynsta) 80/5mg/tab','1'),(513,433,'(Twynsta) 80/10mg/tab','1'),(514,246,'45mg/tab','1'),(515,434,'(Gasmotin) 5mg/tab','1'),(516,435,'(Cataflam S) 140mg/cap','1'),(517,202,'4mg/tab','1'),(518,202,'8mg/tab','1'),(519,202,'16mg/tab','1'),(520,436,'(Clanza) 100mg/tab','1'),(521,436,'','0'),(522,437,'(Prostacare) 325mg/cap','1'),(523,20,'(Norvasc Protect) 5/20mg/tab','0'),(524,20,'(Norvasc Protect) 5/40mg/tab','0'),(525,20,'(Norvasc Protect) 5/80mg/tab','0'),(526,20,'(Norvasc Protect) 10/20mg/tab','0'),(527,20,'(Norvasc Protect) 10/40mg/tab','0'),(528,20,'(Norvasc Protect) 10/80mg/tab','0'),(529,438,'(Sevibo) 600mg/tab','1'),(530,442,'(Ziac)  5/12.5mg/tab','1'),(531,443,'250mg/cap','1'),(532,443,'500mg/cap','1'),(533,149,'(Humulin R)','1'),(534,149,'(Humulin N)','1'),(535,149,'(Humulin 70/30)','1'),(536,149,'(Scillin)','1'),(537,149,'(Mixtard)','1'),(538,366,'(Mircera) 50u/pfs','1'),(539,367,'(Algesia) 37.5/325mg/tab','1'),(540,149,'Biphasic Insulin (Novomix Flexpen)','1'),(541,149,'(Insulitard)','1'),(542,149,'(Mixtard 30)','1'),(543,19,'(Norvasc) 5mg/tab','1'),(544,19,'(Aforbes) 10mg/tab','1'),(545,24,'(Aspilet) 80mg/tab','1'),(546,24,'(Aspec EC) 100mg/tab','1'),(547,25,'25mg/tab','1'),(548,25,'(Therabloc) 50mg/tab','1'),(549,25,'(Therabloc) 100mg/tab','1'),(550,19,'5mg/tab','1'),(551,19,'10mg/tab','1'),(552,26,'(Ator) 10mg/tab','1'),(553,26,'(Ator) 20mg/tab','1'),(554,34,'(Dulcolax) 10mg/tab','1'),(555,19,'(Amvasc BE) 5mg/tab','1'),(556,19,'(Amvasc BE) 10mg/tab','1'),(557,39,'(TUMS) 500mg/tab','1'),(558,39,'(Caltrate Plus) 500mg/tab','1'),(559,41,'(Tegretol) 200mg/tab','1'),(560,41,'(Tegretol) 400mg/tab','1'),(561,43,'(Carvibloc) 6.25mg/tab','0'),(562,43,'(Carvibloc) 12.5mg/tab','0'),(563,43,'(Carvibloc) 25mg/tab','0'),(564,47,'(Zoltax) 250mg/tab','1'),(565,47,'(Zoltax) 500mg/tab','1'),(566,325,'(Remapride) 100mg/tab','1'),(567,325,'(Mucosta) 100mg/tab','1'),(568,123,'(Fortifer FA)','1'),(569,123,'(Iberet FA)','1'),(570,112,'(Espogen) 4000u/pfs','1'),(571,112,'(Renogen) 4000u/vial','1'),(572,132,'(Crestor) 5mg/tab','1'),(573,132,'10mg/tab','1'),(574,132,'20mg/tab','1'),(575,36,'(Burinex) 1mg/tab','1'),(576,43,'(Dilatrend) 6.25mg/tab','0'),(577,43,'(Dilatrend) 12.5mg/tab','0'),(578,43,'(Dilatrend) 25mg/tab','0'),(579,47,'(Zinnat) 250mg/tab','1'),(580,47,'(Zinnat) 500mg/tab','1'),(581,48,'(Celebrex) 100mg/cap','1'),(582,48,'(Celebrex) 200mg/cap','1'),(583,48,'(Celebrex) 400mg/cap','1'),(584,81,'(Ciprobay) 500mg/tab','1'),(585,81,'(Ciprobay) 250mg/tab','1'),(586,81,'(Zalvos) 500mg/tab','1'),(587,81,'(Zalvos) 250mg/tab','1'),(588,82,'(Zynapse) 500mg/cap','1'),(589,82,'(Zynapse) 1g/tab','1'),(590,82,'(Cholinerv) 500mg/tab','1'),(591,82,'(Somazine)','0'),(592,89,'(Catapress) 75mcg/tab','1'),(593,89,'(Catapress) 150mcg/tab','1'),(594,90,'(Plavix) 75mg/tab','1'),(595,90,'(Winthrop) 75mg/tab','1'),(596,90,'(Pletaxan) 75mg/tab','1'),(597,91,'(Amoclav) 375mg/tab','1'),(598,91,'(Amoclav) 625mg/tab','1'),(599,91,'(Augmentin) 625mg/tab','1'),(600,91,'(Augmentin) 375mg/tab','1'),(601,93,'(Bactrim) 400/80mg/tab','1'),(602,93,'(Bactrim) 800/160mg/tab','1'),(603,103,'(Dilzem) 30mg/tab','1'),(604,103,'(Dilzem) 60mg/tab','1'),(605,103,'(Dilzem) 90mg/tab','1'),(606,103,'(Dilzem) 180mg/tab','1'),(607,107,'(Renitec) 5mg/tab','1'),(608,107,'(Renitec) 10mg/tab','1'),(609,107,'(Renitec) 20mg/tab','1'),(610,109,'(Myonal) 50mg/tab','1'),(611,112,'(Eprex) 4000u/pfs','1'),(612,112,'(Epokine) 4000u/pfs','1'),(613,81,'(Cipromet) 500mg/tab','1'),(614,81,'(Ciprobay XR) 500mg/tab','1'),(615,81,'(Ciprobay XR) 1000mg/tab','1'),(616,124,'(Cenovis) 1000mg/cap','1'),(617,124,'(Cenovis Plus) 1500mg/cap','1'),(618,124,'(Omacor) 1000mg/cap','1'),(619,126,'(Sibelium) 5mg/tab','1'),(620,127,'(Prozac) 20mg/tab','1'),(621,131,'(Lasix) 40mg/tab','1'),(622,132,'(Rustor) 10mg/tab','1'),(623,133,'(Neurontin) 100mg/cap','0'),(624,133,'(Neurontin) 300mg/cap','1'),(625,133,'(Neurontin) 400mg/cap','1'),(626,133,'(Neurontin) 600mg/cap','1'),(627,139,'(Diamicrom) 80mg/tab','1'),(628,139,'(Diamicron MR) 30mg/tab','1'),(629,139,'(Diamicron MR) 60mg/tab','1'),(630,142,'','0'),(631,142,'(Minidiab OD) 5mg/tab','1'),(632,142,'(Minidiab OD) 10mg/tab','1'),(633,151,'','0'),(634,152,'(Hytaz) 25mg/tab','1'),(635,162,'(Approvel) 150mg/tab','1'),(636,162,'(Approvel) 300mg/tab','1'),(637,166,'(Imdur) 30mg/tab','1'),(638,166,'(Imdur) 60mg/tab','1'),(639,166,'(Solotrate) 30mg/tab','1'),(640,166,'(Solotrate) 60mg/tab','1'),(641,168,'(Sucrofer) 100mg/amp','1'),(642,172,'(Ketosteril) 600mg/tab','1'),(643,172,'(Ketobest) 600mg/tab','1'),(644,178,'(Levox) 500mg/tab','1'),(645,178,'(Levox) 750mg/tab','1'),(646,196,'(Mobic) 15mg/tab','1'),(647,196,'(Mobic) 7.5mg/tab','1'),(648,198,'(Imax) 500mg/tab','1'),(649,203,'(Plasil) 10mg/tab','1'),(650,204,'(Neobloc) 50mg/tab','1'),(651,204,'(Neobloc) 100mg/tab','1'),(652,204,'(Cardiosel) 50mg/tab','1'),(653,204,'(Cardiosel) 100mg/tab','1'),(654,205,'(Dazomet) 500mg/tab','1'),(655,213,'(Avelox) 400mg/tab','1'),(656,216,'(Cellcept) 500mg/tab','1'),(657,224,'(Macrodantin) 100mg/tab','1'),(658,228,'(Inoflox) 200mg/tab','1'),(659,228,'(Inoflox) 400mg/tab','1'),(660,233,'(Losec) 20mg/cap','1'),(661,233,'(Omepron) 20mg/cap','1'),(662,236,'(Xenical) 120mg/cap','1'),(663,237,'(Pantoloc) 20mg/cap','1'),(664,237,'(Pantoloc) 40mg/cap','1'),(665,240,'(Coversyl) 5mg/tab','1'),(666,240,'(Coversyl) 10mg/tab','1'),(667,248,'(Acalka) 10meq/tab','1'),(668,259,'(Hidrasec) 100mg/cap','1'),(669,263,'(Actonel)','1'),(670,273,'(Vidastat) 10mg/tab','1'),(671,273,'(Vidastat) 20mg/tab','1'),(672,273,'(Vidastat) 40mg/tab','1'),(673,273,'(Afordel) 10mg/tab','1'),(674,273,'(Afordel) 20mg/tab','1'),(675,273,'(Afordel) 40mg/tab','1'),(676,278,'(Aldactone) 25mg/tab','1'),(677,278,'(Aldactone) 50mg/tab','1'),(678,229,'(Micardis Plus) 40/12.5mg/tab','1'),(679,229,'(Micardis Plus) 80/12.5mg/tab','1'),(680,288,'(Hytrin) 2mg/tab','1'),(681,293,'(Tramal) 50mg/cap','1'),(682,293,'(Tramal) 100mg/cap','1'),(683,124,'(Zymechol)','1'),(684,312,'(Appebon)','1'),(685,312,'(Appetite Plus)','1'),(686,23,'(Ceecon) 500mg/tab','1'),(687,214,'(Opstress)','1'),(688,214,'(Clusivol tab)','1'),(689,326,'(Benadryl) 50mg/cap','1'),(690,327,'(Alfadil XL) 4mg/tab','1'),(691,337,'(Vastarel MR) 35mg/tab','1'),(692,337,'(Vestar) 35mg/tab','1'),(693,356,'(SolosaMet) 2/500mg/tab','1'),(694,149,'(Levemir Flexpen)','1'),(695,214,'(Ginsomin)','1'),(696,381,'(Livolin)','1'),(697,383,'(Trental) 400mg/tab','1'),(698,389,'(Ventolin Expectorant) 2/100mg/cap','1'),(699,398,'','0'),(700,398,'','0'),(701,178,'(Levocin) 500mg/tab','1'),(702,175,'(Movelax) 3.3gm/5ml','1'),(703,149,'Glargine (Lantus)','1'),(704,370,'(Ansimar) 200mg/tab','1'),(705,379,'(Hiza) 30mg/tab','1'),(706,187,'(Vivasartan) 50mg/tab','1'),(707,187,'(Ecozar) 50mg/tab','1'),(708,187,'(Cozaar) 50mg/tab','1'),(709,187,'(Cozaar) 100mg/tab','1'),(710,187,'(Lifezar) 50mg/tab','1'),(711,187,'(Lifezar) 100mg/tab','1'),(712,187,'(Pharex) 50mg/tab','1'),(713,187,'(Pharex) 100mg/tab','1'),(714,19,'(Ambesyl) 5mg/tab','1'),(715,81,'(Savedar) 500mg/tab','1'),(716,48,'(Coxib) 200mg/cap','1'),(717,19,'(Vasalat) 5mg/tab','1'),(718,19,'(Vasalat) 10mg/tab','1'),(719,30,'(Exigo) 8mg/tab','1'),(720,285,'(Proselax) 200mcg/tab','1'),(721,285,'(Proselax) 400mcg/tab','1'),(722,121,'(Audra) 300mg/cap','1'),(723,273,'(Forcad) 10mg/tab','1'),(724,273,'(Forcad) 20mg/tab','1'),(725,273,'(Forcad) 40mg/tab','1'),(726,187,'(Zarnat) 50mg/tab','1'),(727,187,'(Zarnat) 100mg/tab','1'),(728,188,'(Zarnat Plus) 50/12.5mg/tab','1'),(729,188,'(Zarnat Plus) 100/12.5mg/tab','1'),(730,43,'(Carvid) 6.25mg/tab','0'),(731,43,'(Carvid) 25mg/tab','0'),(732,287,'( Pritor) 80mg/tab','1'),(733,287,'80mg/tab','1'),(734,302,'(Isoptin) 40mg/tab','1'),(735,199,'(Tapdin) 20mg/tab','1'),(736,198,'(Ansures ER) 500mg/tab','1'),(737,233,'(Protonix) 40mg/cap','1'),(738,233,'(Protonix) 20mg/cap','1'),(739,26,'(Atorwin) 10mg/tab','1'),(740,26,'(Atorwin) 20mg/tab','1'),(741,26,'(Atorwin) 40mg/tab','1'),(742,385,'(Dolfenal) 250mg/tab','1'),(743,385,'(Dolfenal) 500mg/tab','1'),(744,132,'(Roswin) 10mg/tab','1'),(745,304,'(Nervex) tab','1'),(746,82,'(Cholinerv) 100mg/ml','1'),(747,124,'(Naturalle)','1'),(748,17,'(Rythma) 200mg/tab','1'),(749,7,'','0'),(750,17,'(Amio) 200mg/tab','1'),(751,26,'(Avamax) 10mg/tab','1'),(752,26,'(Avamax) 20mg/tab','1'),(753,26,'(Avamax) 40mg/tab','1'),(754,187,'(Vivasartan) 100mg/tab','1'),(755,188,'(Vivasartan Plus) 50/12.5mg/tab','1'),(756,188,'(Vivasartan Plus) 100/25mg/tab','1'),(757,273,'(Zocor) 10mg/tab','1'),(758,273,'(Zocor) 20mg/tab','1'),(759,273,'(Zocor) 40mg/tab','1'),(760,214,'(Homtamin-G) Plus','1'),(761,367,'(Dolcet Mini) 18.75/162.5mg/tab','1'),(762,48,'(Flamar) 200mg/cap','1'),(763,187,'(Bepsar) 50mg/tab','1'),(764,188,'(Duosar) 50/12.5mg/tab','1'),(765,302,'(Isoptin) 240mg/tab','1'),(766,90,'(Plogrel) 75mg/tab','1'),(767,166,'(Montra) 30mg/cap','1'),(768,166,'(Montra) 60mg/cap','1'),(769,209,'(Univasc) 7.5mg/tab','1'),(770,209,'(Univasc) 15mg/tab','1'),(771,176,'(Tergecef) 200mg','1'),(772,173,'(Kremezin) 2gm/sachet','1'),(773,264,'(Kalimate) 5gm/sachet','1'),(774,308,'(Duodart) 0.5mg/0.4mg/tab','1'),(775,355,'(Concore) 2.5mg/tab','1'),(776,355,'(Concore) 5mg/tab','1'),(777,355,'(Concore) 10mg/tab','1'),(778,363,'(Liveraide) 125mg/tab','1'),(779,1,'(Glucobay) 50mg/tab','1'),(780,1,'(Glucobay) 100mg/tab','1'),(781,313,'(Duxaril) 30mg/10mg/tab','1'),(782,223,'(Adalat GITS) 30mg/tab','1'),(783,223,'(Adalat GITS) 60mg/tab','1'),(784,204,'(Pharex) 50mg/tab','1'),(785,187,'(Pharex) 50mg/tab','1'),(786,187,'(Pharex) 100mg/tab','1'),(787,152,'(Pharex) 25mg/tab','1'),(788,285,'(Harnal) 200mcg/tab','1'),(789,285,'(Harnal OCAS) 400mcg/tab','1'),(790,77,'(Pletaal) 50mg/tab','1'),(791,77,'(Pletaal) 100mg/tab','1'),(792,164,'(Elantan) 20mg/tab','1'),(793,187,'(Combizar) 50/12.5mg/tab','1'),(794,187,'(Combixar) 100/12.5mg/tab','1'),(795,149,'Lispro (Humalog Mix 25)','1'),(796,24,'(Bayprin EC) 100mg/tab','1'),(797,283,'(Prograf) 1mg/cap','1'),(798,283,'(Prograf) 5mg/cap','1'),(799,315,'300/12.5mg/tab','1'),(800,316,'(Tarka) 180/2mg/cap','1'),(801,318,'(Telfast) 120mg/tab','1'),(802,321,'(Unasyn) 750mg/tab','1'),(803,322,'(Atenuerix) 40mg/tab','1'),(804,322,'40mg/tab','1'),(805,121,'(Lipway SR) 250mg/tab','1'),(806,353,'5mg/tab','1'),(807,353,'(Nevicar) 5mg/tab','1'),(808,149,'(Insuget)','1'),(809,347,'(Normetec) 10/40mg/tab','1'),(810,347,'(Normetec) 5/40mg/tab','1'),(811,365,'(Heraclene) 1mg/cap','1'),(812,365,'(Heraclene Forte) 3mg/cap','1'),(813,248,'(Tascit) 10meq/tab','1'),(814,120,'(Natrapharm) 5mg/tab','1'),(815,120,'(Dilahex) 5mg/tab','1'),(816,366,'(Mircera) 100u/pfs','1'),(817,366,'(Mircera) 200u/pfs','1'),(818,231,'(Olmetec) 10mg/tab','1'),(819,231,'(Olmetec) 20mg/tab','1'),(820,231,'10mg/tab','1'),(821,47,'(Zocef) 500mg/tab','1'),(822,91,'(Alclav) 625mg/tab','1'),(823,100,'(Valium) 5mg/tab','1'),(824,100,'(Valium) 10mg/tab','1'),(825,154,'200mg/tab','1'),(826,149,'Glulisine (Apidra)','1'),(827,388,'(Liverone)','1'),(828,390,'(Pariet) 10mg/tab','1'),(829,187,'(Zartan S) 50mg/tab','1'),(830,187,'(Zartan S) 100mg/tab','1'),(831,19,'(Vaselon) 5mg/tab','1'),(832,19,'(Vaselon) 10mg/Tab','1'),(833,90,'(Sigmagrel) 75mg/tab','1'),(834,392,'15/500mg/tab','1'),(835,392,'30/500mg/tab','1'),(836,392,'(Prialta-Met) 15/500mg/tab','1'),(837,392,'(Prialta-Met) 30/500mg/tab','1'),(838,26,'(Natrapharm - Atorvast) 10mg/tab','1'),(839,26,'(Natrapharm - Atorvast) 20mg/tab','1'),(840,26,'(Natrapharm - Atorvast) 40mg/tab','1'),(841,363,'(Liv-iT) 200mg/cap','1'),(842,395,'(Lyrica) 50mg/cap','1'),(843,356,'(Lupimet) 2/500mg/tab','1'),(844,406,'(Pradaxa) 110mg/tab','1'),(845,288,'(Hytrin) 5mg/tab','1'),(846,412,'(Amvasc Plus) 10/12.5mg/tab','1'),(847,274,'(Xelevia) 50mg/tab','1'),(848,274,'(Xelevia) 100mg/tab','1'),(849,337,'(Angimax) 20mg/tab','1'),(850,337,'(Angimax MR) 35mg/tab','1'),(851,224,'(Lumer) 100mg/cap','1'),(852,120,'(Dilahex) 10mg/tab','1'),(853,120,'10mg/tab','1'),(854,120,'5mg/tab','1'),(855,400,'(Cozaar XQ) 50/5mg/tab','1'),(856,400,'(Cozaar XQ) 100/5mg/tab','1'),(857,420,'(Viagra) 50mg/tab','1'),(858,420,'(Andros) 25mg/tab','1'),(859,420,'(Andros) 50mg/tab','1'),(860,422,'(Levitra) 10mg/tab','1'),(861,422,'(Levitra) 20mg/tab','1'),(862,156,'(Iterax) 10mg/tab','1'),(863,156,'(Iterax) 25mg/tab','1'),(864,214,'(Moriamin Forte)','1'),(865,426,'5mg/tab','1'),(866,426,'10mg/tab','1'),(867,120,'(Versant) 5mg/tab','1'),(868,120,'(Versant) 10mg/tab','1'),(869,26,'(Xantor 10mg/tab','1'),(870,26,'(Xantor) 20mg/tab','1'),(871,26,'(Xantor) 40mg/tab','1'),(872,26,'(Xantor) 80mg/tab','1'),(873,275,'(Velmetia) 50/500mg/tab','1'),(874,275,'(Velmetia 100/500mg/tab','1'),(875,275,'','0'),(876,287,'(Pritor) 40mg/tab','1'),(877,378,'(Rexomed) 3mg/cap','1'),(878,430,'(Amino Blend) 750mg/cap','1'),(879,233,'(Risek) 40mg/cap','1'),(880,233,'(Risek) 20mg/cap','1'),(881,178,'(Levocin) 750mg/tab','1'),(882,187,'','0'),(883,188,'(Winthrop) 50/12.5mg/tab','1'),(884,19,'(Winthrop) 5mg/tab','1'),(885,431,'(Dexilant) 30mg/cap','1'),(886,431,'','0'),(887,198,'(Glumet-XR) 500mg/tab','1'),(888,26,'(Orvakline) 10mg/tab','1'),(889,26,'(Orvakline) 40mg/tab','1'),(890,310,'(Norten) 5mg/tab','1'),(891,310,'(Norten) 10mg/tab','1'),(892,360,'(Norplus) 10/12.5mg/tab','1'),(893,121,'(Lipanthyl NT) 145mg/tab','1'),(894,166,'(Elantan) 50mg/tab','1'),(895,105,'(GI Norm) 10mg/tab','1'),(896,362,'(Hyos) 10mg/tab','1'),(897,362,'(Buscopan) 10mg/tab','1'),(898,121,'(Fibrafen) 200mg/tab','1'),(899,285,'(Tamsolin) 400mcg/tab','1'),(900,81,'(Orpic) 500mg/tab','1'),(901,83,'(Clariget) 250mg/tab','1'),(902,426,'(Montair) 4mg/tab','1'),(903,426,'(Montair) 5mg/tab','1'),(904,426,'(Montair) 10mg/tab','1'),(905,176,'(Trifixime) 200mg/cap','1'),(906,198,'(Fornidd XR) 500mg/tab','1'),(907,439,'(CoPlavix) 75/100mg/tab','1'),(908,440,'(Ectrin) 300mg/cap','1'),(909,237,'(Acernix) 40mg/tab','1'),(910,91,'(Bactoclav) 625mg/tab','1'),(911,342,'(Kalium durule) 750mg/tab','1'),(912,342,'(Span-K) 600mg/tab','1'),(913,407,'(Arcoxia) 30mg/tab','1'),(914,407,'(Arcoxia) 90mg/tab','1'),(915,26,'(Ovarkline) 20mg/tab','1'),(916,132,'(ZenRosu) 10mg/tab','1'),(917,115,'(Peprazom) 20mg/tab','1'),(918,115,'(Peprazom) 40mg/tab','1'),(919,442,'(Ziac) 10/12.5mg/tab','1'),(920,149,'Aspart (NovoRapid)','1'),(921,89,'(Clonipress) 75mcg/tab','1'),(922,89,'(Clonipress) 150mcg/tab','1'),(923,445,'40mg/tab','1'),(924,445,'80mg/tab','1'),(925,447,'(Folamin)','1'),(926,448,'(Xarelto) 20mg/tab','1'),(927,449,'(Dexilant) 60mg/cap','1'),(928,448,'(Xarelto) 15mg/tab','1'),(929,224,'(Nitromic) 100mg/cap','1'),(930,450,'(Spiriva) 18mcg/cap','1'),(931,450,'(Spiriva Handihaler)','1'),(932,450,'(Spiriva Respimat Inhaler) 2.5mcg/puff','1'),(933,451,'(Pirsec) 20mg/1.1gm/cap','1'),(934,451,'(Pirsec) 40mg/1.1gm/cap','1'),(935,269,'(Seretide) 50/500 discus','1'),(936,452,'(Daxas) 500mcg/tab','1'),(937,453,'(Vesicare) 5mg/tab','1'),(938,453,'(Vesicare) 10mg/tab','1'),(939,133,'(Gabix) 100mg/cap','1'),(940,133,'(Gabix) 300mg/cap','1'),(941,285,'(Tamzor) 400mcg/tab','1'),(942,233,'(Mepraz) 20mg/cap','1'),(943,91,'(Bactiv) 1gm/tab','1'),(944,91,'(Bactiv) 625mg/tab','1'),(945,91,'(Bactiv) 375mg/tab','1'),(946,304,'(Cathay one-six-twelve Forte)','1'),(947,47,'(Cefurex) 500mg/tab','1'),(948,48,'(Coxidia) 100mg/cap','1'),(949,48,'(Coxidia) 200mg/cap','1'),(950,157,'(Faspic) 400mg/tab','1'),(951,233,'(Mepraz) 40mg/cap','1'),(952,304,'(Cathay one-six-twelve)','1'),(953,112,'(Epotin) 4000u/vial','1'),(954,454,'20/12.5mg/tab','1'),(955,454,'40/12.5mg/tab','1'),(956,38,'667mg/tab','1'),(957,353,'(Nevilet) 5mg/tab','1'),(958,455,'(Calvit Gold) 600mg+400IU/tab','1'),(959,105,'(Domilium) 10mg/tab','1'),(960,325,'(Mucopro) 100mg/tab','1'),(961,456,'(Spastro) 100mg/tab','1'),(962,232,'(Omacor)','1'),(963,367,'(TDLPlus) 325/37.5mg/tab','1'),(964,458,'(Diamaxin) 300mg/cap','1'),(965,322,'(Furic) 40mg/tab','1'),(966,322,'(Furic) 80mg/tab','1'),(967,460,'(Trajenta Duo) 2.5/500mg/tab','1'),(968,445,'(Edarbi) 80mg/tab','1'),(969,445,'(Edarbi) 40mg/tab','1'),(970,461,'(Eliquis) 5mg/tab','1'),(971,317,'(Co-Approvel) 150/12.5mg/tab','1'),(972,317,'(Co-Approvel) 300/12.5mg/tab','1'),(973,462,'(Forxiga) 10mg/tab','1'),(974,506,'a','1'),(975,506,'b','1'),(976,507,'4000 units','1'),(977,508,'100 mg','1'),(978,509,'2000 u','1'),(979,510,'5 mg','1'),(980,511,'4000 units','1'),(981,513,'5 mg','1'),(982,514,'60 mg','1'),(983,516,'Coralan 5 mg','1'),(984,517,'500 mg','1'),(985,518,'5000 units','1'),(986,519,'10 mg','1'),(987,512,'500 mg','1'),(988,521,'300 mg','1'),(989,522,'0.25 mg','1'),(990,523,'30 mg','1'),(991,270,'(Renvela) 500 mg/tab','0'),(992,525,'20 mg','1'),(993,444,'Fixcom 3','1'),(994,527,'50 mg','1'),(995,529,'1 can','1'),(996,530,'(Exforge) 10/60mg','1'),(997,531,'(Depakote ER) 500mg','1'),(998,351,'25mg/tab','1'),(999,532,'(Keppra) 500mg','1'),(1000,534,'Polynerve','1'),(1001,535,'Kalimate 1 sachet','1'),(1002,536,'(Normetec) 40mg/5mg tab','1'),(1003,536,'(Normetec) 20mg/5mg tab','1'),(1004,537,'(Metoz) 5mg/tab','1'),(1005,537,'(Metoz) 2.5mg/tab','1'),(1006,538,'(Pizotifen Syrup) 100ml','1'),(1007,538,'(Pizotifen) 500mcg/tab','1'),(1008,538,'(Pizotifen) 725mcg/tab','1'),(1009,539,'(Testosterone Undeconate) 40mg/cap','1'),(1010,540,'(Nervex) film coated tablet','1'),(1011,541,'(Imdur) 30mg/tab','1'),(1012,541,'(Imdur) 60mg/tab','1'),(1013,541,'(Monoket) 20mg/tab','1'),(1014,541,'(Ismo) 10mg/tab','1'),(1015,541,'(Ismo) 20mg/tab','1'),(1016,542,'Norvasc Protect 5/10mg/tab','1'),(1017,543,'(Provasc) 5mg/tab','1'),(1018,544,'Augmentin 375mg/tab','1'),(1019,544,'Augmentin 625mg/tab','1'),(1020,545,'Diamicron 30mg/tab','1'),(1021,545,'Diamicron 60mg/tab','1'),(1022,545,'Diamicron 80mg/tab','1'),(1023,546,'Elantan 20mg/tab','1'),(1024,547,'25mg','1'),(1025,549,'10 mg','1'),(1026,550,'(Antamin) 4mg','1'),(1027,552,'(Coveram) 10/5mg/tab','1'),(1028,552,'(Coveram) 10/10mg/tab','1'),(1029,553,'500mg/tab','1'),(1030,555,'5 mg','1'),(1031,556,'500 mg','1'),(1032,557,'1.5 mg','1'),(1033,558,'40 mg','1'),(1034,559,'30 mg','1'),(1035,560,'35 mg','1'),(1036,561,'1gm','1'),(1037,562,'2.5mg','1'),(1038,563,'60 mg','1'),(1039,564,'800mg','1'),(1040,565,'1 mg','1'),(1041,567,'3 mg','1'),(1042,568,'500 mg','1'),(1043,571,'150 mg','1'),(1044,572,'250 mg','1'),(1045,573,'250 mg','1'),(1046,574,'100 mg','1'),(1047,575,'450 mg','1'),(1048,400,'100/10mg/tab','1'),(1049,577,'200mg','1'),(1050,579,'400/80mg','1'),(1051,582,'750 mg','1'),(1052,400,'amlife 10/50mg/tab','1'),(1053,583,'10 mg','1'),(1054,584,'175 mg','1'),(1055,552,'(Coveram) 5/5mg/tab','1'),(1056,585,'100mg','1'),(1057,586,'30mg','1'),(1058,589,'150 mg','1'),(1059,591,'50mg/tab','1'),(1060,593,'100mg/25mg','1'),(1061,594,'IMDUR 60mg/tab','1'),(1062,595,'40mg','1'),(1063,598,'500mcg','1'),(1064,516,'Coralan 7.5 mg','1'),(1065,530,'(Exforge) 5/80mg','1'),(1066,358,'Duavent 500mcg/2.5mg','1'),(1067,604,'120 mg','1'),(1068,605,'4000 units','1'),(1069,608,'5 mg','1'),(1070,609,'200 mg','1'),(1071,610,'100mg','1'),(1072,611,'667 mg','1'),(1073,89,'0.2 mg/ tab','1'),(1074,612,'60 mg/tab','1'),(1075,181,'40mg/tab','1'),(1076,613,'25mg/tab','1'),(1077,615,'70/30','1'),(1078,616,'mucosta 100mg','1'),(1079,618,'5mg/tab','1'),(1080,594,'montra 30mg','1'),(1081,619,'kardia 5mg','1'),(1082,622,'domperidone 10mg +pantoprazole 40mg','1'),(1083,623,'20mg','1'),(1084,624,'silgram 750 mg','1'),(1085,626,'10mg','1'),(1086,628,'Dilatair 200 mg','1'),(1087,628,'Dilatair 400 mg','1'),(1088,629,'Tamplus SR 200mcg/5mg','1'),(1089,629,'Tamplus SR 400mcg/5mg','1'),(1090,630,'Tamplus SR 200mcg/5mg','1'),(1091,630,'Tamplus SR 400mcg/5mg','1'),(1092,603,'1000 mg','1'),(1093,39,'(Calci-Aid) 500mg/tab','1'),(1094,633,'80mg/tab','1'),(1095,633,'micardis 80 mg/tab','1'),(1096,634,'75mg/tab','1'),(1097,635,'100 mg','1'),(1098,638,'50 mg','1'),(1099,640,'50mg/tab','1'),(1100,641,'330mg','1'),(1101,542,'Norvasc Protect 10/10mg/tab','1'),(1102,131,'20mg','1'),(1103,643,'500 mg','1'),(1104,649,'160mg','1'),(1105,530,'(Exforge) 10/160mg','1'),(1106,513,'2.5mg','1'),(1107,651,'Amlife 100/5mg','1'),(1108,652,'Regeron E plus','1');

/*Table structure for table `monitoring_sheet` */

DROP TABLE IF EXISTS `monitoring_sheet`;

CREATE TABLE `monitoring_sheet` (
  `treatment_id` int(11) DEFAULT NULL,
  `ms_time` varchar(50) DEFAULT '',
  `ms_bp1` varchar(50) DEFAULT '',
  `ms_bp2` varchar(50) DEFAULT '',
  `ms_qb` varchar(50) DEFAULT '',
  `ms_ap` varchar(50) DEFAULT '',
  `ms_vp` varchar(50) DEFAULT '',
  `ms_tmp` varchar(50) DEFAULT '',
  `ms_ufr` varchar(50) DEFAULT '',
  `ms_ufvol` varchar(50) DEFAULT '',
  `ms_comments` varchar(255) DEFAULT ''
) ENGINE=InnoDB DEFAULT CHARSET=latin1;

/*Data for the table `monitoring_sheet` */

insert  into `monitoring_sheet`(`treatment_id`,`ms_time`,`ms_bp1`,`ms_bp2`,`ms_qb`,`ms_ap`,`ms_vp`,`ms_tmp`,`ms_ufr`,`ms_ufvol`,`ms_comments`) values (2,'21:43','','','','','','','','',''),(2,'21:58','','','','','','','','',''),(2,'22:13','','','','','','','','',''),(2,'22:28','','','','','','','','',''),(2,'22:43','','','','','','','','',''),(2,'22:58','','','','','','','','',''),(2,'23:13','','','','','','','','',''),(2,'23:28','','','','','','','','',''),(2,'23:43','','','','','','','','',''),(2,'23:58','','','','','','','','',''),(2,'00:13','','','','','','','','',''),(2,'00:28','','','','','','','','',''),(2,'00:43','','','','','','','','',''),(2,'00:58','','','','','','','','',''),(2,'01:13','','','','','','','','',''),(2,'01:28','','','','','','','','',''),(2,'01:43','','','','','','','','','');

/*Table structure for table `patient_details` */

DROP TABLE IF EXISTS `patient_details`;

CREATE TABLE `patient_details` (
  `person_id` int(11) NOT NULL,
  `dry_weight` varchar(10) DEFAULT NULL,
  `physician_id` int(11) DEFAULT NULL,
  `hepa_status` varchar(50) DEFAULT NULL,
  `first_dialysis` varchar(20) DEFAULT NULL,
  `diagnosis` varchar(200) DEFAULT NULL,
  `blood_type` varchar(2) DEFAULT NULL,
  `philhealth_number` varchar(50) DEFAULT NULL,
  `initial_treatment_id` varchar(10) DEFAULT NULL,
  PRIMARY KEY (`person_id`)
) ENGINE=InnoDB DEFAULT CHARSET=latin1;

/*Data for the table `patient_details` */

insert  into `patient_details`(`person_id`,`dry_weight`,`physician_id`,`hepa_status`,`first_dialysis`,`diagnosis`,`blood_type`,`philhealth_number`,`initial_treatment_id`) values (1,'100',90,'Negative','','','','',''),(2,'100',90,'Negative','','','','',''),(3,'100',90,'Negative','','','','',''),(4,'100',90,'Negative','','','','',''),(5,'100',94,'Negative','','','','',''),(6,'100',40,'Negative','','','','',''),(7,'100',90,'Negative','','','','',''),(8,'100',94,'Negative','','','','',''),(9,'100',94,'Negative','','','','',''),(10,'100',94,'Negative','','','','',''),(11,'100',94,'Negative','','','','',''),(12,'100',94,'Negative','','','','',''),(13,'100',90,'Negative','','','','',''),(14,'100',90,'Negative','','','','',''),(15,'100',94,'Hepatitis B','','','','',''),(16,'100',94,'Negative','','','','',''),(17,'100',94,'Negative','','','','',''),(18,'100',90,'Negative','','','','',''),(19,'100',94,'Hepatitis C','','','','',''),(20,'100',90,'Negative','','','','',''),(21,'100',90,'Hepatitis C','','','','',''),(22,'100',90,'Negative','','','','',''),(23,'100',90,'Negative','','','','',''),(24,'100',89,'Negative','','','','',''),(25,'100',94,'Negative','','','','',''),(26,'100',94,'Negative','','','','',''),(27,'100',94,'Hepatitis C','','','','',''),(28,'100',90,'Negative','','','','',''),(29,'100',94,'Negative','','','','',''),(30,'100',94,'Hepatitis C','','','','',''),(31,'100',94,'Negative','','','','',''),(32,'100',90,'Negative','','','','',''),(33,'100',44,'Negative','','','','',''),(34,'100',94,'Negative','','','','',''),(35,'100',94,'Negative','','','','',''),(36,'100',94,'Negative','','','','',''),(37,'100',94,'Negative','','','','',''),(39,'100',90,'Negative','','','','',''),(40,'100',90,'Negative','','','','',''),(41,'100',94,'Hepatitis C','','','','',''),(42,'100',94,'Negative','','','','',''),(43,'100',44,'Negative','','','','',''),(44,'100',44,'Hepatitis C','','','','',''),(45,'100',94,'Negative','','','','',''),(46,'100',94,'Negative','','','','',''),(47,'100',94,'Negative','','','','',''),(48,'100',95,'Negative','','','','',''),(49,'100',89,'Hepatitis B','','','','',''),(50,'100',94,'Negative','','','','',''),(51,'100',90,'Negative','','','','',''),(52,'100',94,'Negative','','','','',''),(53,'100',90,'Negative','','','','',''),(56,'100',90,'Negative','','','','',''),(57,'100',90,'Negative','','','','',''),(58,'100',90,'Hepatitis C','','','','',''),(59,'100',94,'Negative','','','','',''),(60,'100',94,'Negative','','','','',''),(61,'100',90,'Negative','','','','',''),(62,'100',94,'Negative','','','','',''),(63,'100',88,'Hepatitis B','','','','',''),(64,'100',94,'Negative','','','','',''),(65,'100',94,'Hepatitis C','','','','',''),(66,'100',90,'Hepatitis B','','','','',''),(67,'100',94,'Negative','','','','',''),(68,'100',90,'Negative','','','','',''),(74,'100',94,'Negative','','','','',''),(78,'100',94,'Negative','','','','',''),(79,'100',94,'Negative','','','','',''),(81,'100',94,'Negative','','','','',''),(84,'100',44,'Negative','','','','',''),(85,'100',90,'Negative','','','','',''),(109,'100',94,'Negative','','','','',''),(110,'100',90,'Negative','','','','',''),(111,'100',90,'Negative','','','','',''),(127,'100',90,'Negative','','','','',''),(128,'100',90,'Negative','','','','',''),(129,'100',90,'Negative','','','','',''),(130,'100',90,'Negative','','','','',''),(131,'100',90,'Negative','','','','',''),(132,'100',90,'Negative','','','','',''),(133,'100',94,'Negative','','','','',''),(134,'100',94,'Negative','','','','',''),(135,'100',94,'Negative','','','','',''),(136,'100',94,'Negative','','','','',''),(137,'100',90,'Negative','','','','',''),(138,'100',94,'Negative','','','','',''),(139,'100',88,'Negative','','','','',''),(140,'100',94,'Negative','','','','',''),(141,'100',94,'Negative','','','','',''),(142,'100',92,'Negative','','','','',''),(143,'100',90,'Negative','','','','',''),(144,'100',94,'Negative','','','','',''),(145,'100',88,'Negative','','','','',''),(146,'100',94,'Negative','','','','',''),(147,'100',88,'Negative','','','','',''),(161,'100',87,'Negative','','','','',''),(162,'100',90,'Negative','','','','',''),(163,'100',90,'Negative','','','','',''),(164,'100',86,'Negative','','','','',''),(165,'100',90,'Negative','','','','',''),(166,'100',90,'Negative','','','','',''),(167,'100',90,'Negative','','','','',''),(168,'100',94,'Negative','','','','',''),(169,'100',94,'Negative','','','','',''),(170,'100',94,'Negative','','','','',''),(171,'100',90,'Negative','','','','',''),(172,'100',86,'Hepatitis B','','','','',''),(173,'100',89,'Negative','','','','',''),(174,'100',94,'Negative','','','','',''),(175,'100',90,'Negative','','','','',''),(176,'100',90,'Negative','','','','',''),(177,'100',90,'Negative','','','','',''),(178,'100',90,'Negative','','','','',''),(179,'100',90,'Negative','','','','',''),(180,'100',90,'Negative','','','','',''),(181,'100',90,'Negative','','','','',''),(182,'100',94,'Negative','','','','',''),(183,'100',94,'Negative','','','','',''),(184,'100',90,'Negative','','','','',''),(185,'100',90,'Hepatitis C','','','','',''),(186,'100',94,'Negative','','','','',''),(187,'100',90,'Hepatitis B','','','','',''),(188,'100',94,'Negative','','','','',''),(189,'100',89,'Negative','','','','',''),(190,'100',94,'Negative','','','','',''),(191,'100',94,'Negative','','','','',''),(192,'100',94,'Negative','','','','',''),(193,'100',94,'Negative','','','','',''),(194,'100',94,'Negative','','','','',''),(195,'100',94,'Negative','','','','',''),(196,'100',90,'Negative','','','','',''),(197,'100',90,'Negative','','','','',''),(198,'100',94,'Negative','','','','',''),(199,'100',94,'Negative','','','','',''),(200,'100',94,'Negative','','','','',''),(201,'100',94,'Negative','','','','',''),(202,'100',94,'Negative','','','','',''),(203,'100',94,'Negative','','','','',''),(204,'100',90,'Negative','','','','',''),(205,'100',90,'Negative','','','','',''),(206,'100',88,'Negative','','','','','');

/*Table structure for table `patient_hd_orders` */

DROP TABLE IF EXISTS `patient_hd_orders`;

CREATE TABLE `patient_hd_orders` (
  `person_id` int(5) NOT NULL,
  `duration` varchar(5) DEFAULT NULL,
  `blood_flow` varchar(5) DEFAULT NULL,
  `dialysate_flow` varchar(5) DEFAULT NULL,
  `heparin` varchar(50) DEFAULT NULL,
  `dialyzer` varchar(50) DEFAULT NULL,
  PRIMARY KEY (`person_id`)
) ENGINE=MyISAM DEFAULT CHARSET=latin1;

/*Data for the table `patient_hd_orders` */

/*Table structure for table `person_credentials` */

DROP TABLE IF EXISTS `person_credentials`;

CREATE TABLE `person_credentials` (
  `person_id` int(11) NOT NULL,
  `username` varchar(20) NOT NULL,
  `password_hash` varchar(100) DEFAULT NULL,
  `user_group` varchar(50) DEFAULT NULL,
  `user_role` varchar(50) DEFAULT NULL,
  `user_level` varchar(2) DEFAULT NULL,
  `active` enum('1','0') DEFAULT '1',
  PRIMARY KEY (`person_id`,`username`)
) ENGINE=InnoDB DEFAULT CHARSET=latin1;

/*Data for the table `person_credentials` */

insert  into `person_credentials`(`person_id`,`username`,`password_hash`,`user_group`,`user_role`,`user_level`,`active`) values (0,'admin','fcdf2fe8aed037e44b045ca5110513bf','','admin','8','1'),(76,'vhinyabz','','nurse','Staff','','1'),(80,'terong','','','Staff Nurse','','1'),(86,'MarizelCatungal','','doctors','doctor','8','1'),(87,'EdenCastillo','','doctors','doctor','8','1'),(88,'JoseRamonSuarez','','doctors','doctor','8','1'),(89,'JoyMallar','','doctors','doctor','8','1'),(90,'AlejandroSese','','doctors','doctor','8','1'),(91,'IsmaelRamos','','doctors','doctor','8','1'),(92,'ReneMolina','','doctors','doctor','8','1'),(93,'EmelyPasumbal','','doctors','doctor','8','1'),(94,'MaryLynnDue-Angeles','','doctors','doctor','8','1'),(95,'DarwinDarjuan','','doctors','doctor','8','1'),(96,'RenneToledano','','doctors','doctor','8','1'),(97,'RitchieRebong','','doctors','doctor','8','1'),(98,'aries','581d958f42196ff37de7642045680f90','Administrators','admin','9','1'),(99,'randy','581d958f42196ff37de7642045680f90','Administrators','admin','9','1'),(100,'juan','581d958f42196ff37de7642045680f90','nurses','nurse','8','1'),(101,'carlo','581d958f42196ff37de7642045680f90','nurses','nurse','8','1'),(102,'admin2','e3ee6e706ea14642c8e6576675f0cfb8','nurses','nurse','8','1'),(103,'admin3','581d958f42196ff37de7642045680f90','','','8','0'),(104,'admin4','581d958f42196ff37de7642045680f90','admin','admin','8','0'),(113,'irishgarcia','','Nurse','Staff Nurse','','1'),(114,'jenjen','7964e1bc803f4c8bd0db7c73d8439ff8','nurse','satf nurse','','1'),(115,'Yan','','Nurse','Staff Nurse','','1');

/*Table structure for table `person_options` */

DROP TABLE IF EXISTS `person_options`;

CREATE TABLE `person_options` (
  `option_id` varchar(50) NOT NULL,
  `option_value` varchar(200) DEFAULT NULL,
  `property_name` varchar(50) DEFAULT NULL,
  `active` enum('0','1') DEFAULT '1',
  PRIMARY KEY (`option_id`)
) ENGINE=InnoDB DEFAULT CHARSET=latin1;

/*Data for the table `person_options` */

insert  into `person_options`(`option_id`,`option_value`,`property_name`,`active`) values ('Female','Female','gender','1'),('Hepatitis B','Hepatitis B','hepa_status','1'),('Hepatitis C','Hepatitis C','hepa_status','1'),('Male','Male','gender','1'),('Married','Married','civil_status','1'),('Negative','Negative','hepa_status','1'),('Single','Single','civil_status','1');

/*Table structure for table `person_pro_data` */

DROP TABLE IF EXISTS `person_pro_data`;

CREATE TABLE `person_pro_data` (
  `person_id` int(11) DEFAULT NULL,
  `pro_title` varchar(250) DEFAULT NULL,
  `pro_affiliation` varchar(250) DEFAULT NULL,
  `prc_id` varchar(250) DEFAULT NULL,
  `license_number` varchar(250) DEFAULT NULL,
  `ptr` varchar(250) DEFAULT NULL,
  `s2` varchar(250) DEFAULT NULL,
  `active` enum('0','1') DEFAULT '1'
) ENGINE=InnoDB DEFAULT CHARSET=latin1;

/*Data for the table `person_pro_data` */

insert  into `person_pro_data`(`person_id`,`pro_title`,`pro_affiliation`,`prc_id`,`license_number`,`ptr`,`s2`,`active`) values (86,'Marizel Catungal, MD ','Internal Medicine - Nephrology|Fellow, Philippine College of Physicians','','','','','1'),(87,'Eden Castillo, MD ','Internal Medicine - Nephrology|Fellow, Philippine College of Physicians','','','','','1'),(88,'Jose Ramon Suarez, MD ','Internal Medicine - Nephrology|Fellow, Philippine College of Physicians','','','','','1'),(89,'Joy Mallari-De Lara, MD ','Internal Medicine - Nephrology|Fellow, Philippine College of Physicians','','','','','1'),(90,'Alejandro S. Sese, Jr, MD','Internal Medicine - Nephrology|Fellow, Philippine College of Physicians','','','','','1'),(91,'Ismael G. Ramos, MD  ','Internal Medicine - Nephrology|Fellow, Philippine College of Physicians','','','','','1'),(92,'Rene Molina, MD','Internal Medicine - Nephrology|Fellow, Philippine College of Physicians','','','','','1'),(93,'Emely Pasumbal, MD','Internal Medicine - Nephrology|Fellow, Philippine College of Physicians','','','','','1'),(94,'Mary Lynn Due-Angeles, MD','Internal Medicine - Nephrology|Fellow, Philippine College of Physicians','','','','','1'),(95,'Darwin Darjuan, MD','Internal Medicine - Nephrology|Fellow, Philippine College of Physicians','','','','','1'),(96,'Renne Toledano, MD','Internal Medicine - Nephrology|Fellow, Philippine College of Physicians','','','','','1'),(97,'Ritchie Rebong, MD','Internal Medicine - Nephrology|Fellow, Philippine College of Physicians','','','','','1'),(31,'','','','','','','1'),(5,'','','','','','','1'),(4,'','','','','','','1'),(76,'Registered nurse','','','','','','1'),(80,'','','','','','','1'),(113,'Registered Nurse','','','','','','1'),(114,'','','','','','','1'),(115,'','','','','','','1');

/*Table structure for table `persons` */

DROP TABLE IF EXISTS `persons`;

CREATE TABLE `persons` (
  `person_id` int(11) NOT NULL,
  `fname` varchar(100) DEFAULT NULL,
  `mname` varchar(100) DEFAULT NULL,
  `lname` varchar(100) DEFAULT NULL,
  `gender` varchar(10) DEFAULT NULL,
  `birth_date` varchar(50) DEFAULT NULL,
  `civil_status` varchar(15) DEFAULT NULL,
  `address1` varchar(250) DEFAULT NULL,
  `address2` varchar(250) DEFAULT NULL,
  `city` varchar(100) DEFAULT NULL,
  `province` varchar(100) DEFAULT NULL,
  `phone_number` varchar(15) DEFAULT NULL,
  `active` enum('0','1') DEFAULT '1',
  PRIMARY KEY (`person_id`)
) ENGINE=InnoDB DEFAULT CHARSET=latin1;

/*Data for the table `persons` */

insert  into `persons`(`person_id`,`fname`,`mname`,`lname`,`gender`,`birth_date`,`civil_status`,`address1`,`address2`,`city`,`province`,`phone_number`,`active`) values (0,'Admin','','Admin','Male','20010101','','','','','','','1'),(1,'Alfredo','De Guzman','Medina','Male','20010101','','','','','','','1'),(2,'Richard','Lazatin','Ariola','Male','20010101','','','','','','','0'),(3,'Adela','Jocson','Tiamson','Female','20010101','','','','','','','1'),(4,'Jerome','Cortez','Magsino','Male','20010101','','','','','','','0'),(5,'Orlando','Pasion','David','Male','20010101','','','','','','','1'),(6,'Sonza','Ruth','Gopez','Female','20010101','','','','','','','0'),(7,'Victor','Obin','Pagulayan','Male','20010101','','','','','','','1'),(8,'Noemi','Relota','tabang','Female','20010101','','','','','','','0'),(9,'Teresita','De Asis','Lacsamana','Female','20010101','','','','','','','0'),(10,'Noemi','Roleta','Tabang','Female','20010101','','','','','','','1'),(11,'Jesusa','Capati','Dizon','Female','20010101','','','','','','','0'),(12,'Grace','Halili','Bondoc','Female','20010101','','','','','','','1'),(13,'Rodrigo','Villanueva','Balingit','Male','20010101','','','','','','','1'),(14,'Romeo','Legua','Gregorio','Male','20010101','','','','','','','0'),(15,'Renato','Gamboa','Santiago','Male','20010101','','','','','','','0'),(16,'Jena','Cabrera','Cabigting','Female','20010101','','','','','','','1'),(17,'Wilma','Cunanan','Villanueva','Female','20010101','','','','','','','0'),(18,'Milagros','Salas','Visda','Female','20010101','','','','','','','1'),(19,'Edmundo','Del Rosario','Gabalfin','Male','20010101','','','','','','','0'),(20,'Delfin','Adtoon','Costorio','Male','20010101','','','','','','','1'),(21,'Efren','Edilloran','Enciso','Male','20010101','Married','','','','','','1'),(22,'Imelda','Palad','Dula','Female','20010101','','','','','','','0'),(23,'Ofelia','Layson','Porter','Female','20010101','','','','','','','1'),(24,'Jesus','Gamboa','Marcos','Male','20010101','','','','','','','1'),(25,'Fatima','Talavera','Siron','Female','20010101','','','','','','','1'),(26,'Angelito','Sibal','Taborlupa','Male','20010101','','','','','','','1'),(27,'Charmaine','Beralo','Terrenal','Female','20010101','','','','','','','1'),(28,'Pablito','Cadiang','Policarpio','Male','20010101','','','','','','','1'),(29,'Jose','Felipe','Olivares','Male','20010101','','','','','','','1'),(30,'Jesus','','Gumamit','Male','20010101','','','','','','','1'),(31,'Lucy','Galang','Cunanan','Female','20010101','','','','','','','0'),(32,'Renato','ferrer','caparas','Male','20010101','','','','','','','1'),(33,'Romeo','Mijares','Espiritu','Male','20010101','','','','','','','0'),(34,'Jonathan','Alfonso','Victoria','Male','20010101','','','','','','','1'),(35,'Ernesto','Lakandola','Lansangan','Male','20010101','','','','','','','0'),(36,'Nestor','Cruz','Del mando','Male','20010101','','','','','','','1'),(37,'Susan','Cruz','Hipolito','Female','20010101','','','','','','','1'),(38,'Leticia','condino','Vergara','Female','20010101','Ma','','','','','','1'),(39,'Leticia','condino','Vergara','Female','20010101','','','','','','','0'),(40,'Daniel','Dela Cruz','Pea','Male','20010101','','','','','','','1'),(41,'Bonifacio','Salinga','De guzman','Male','20010101','Married','','','','','','1'),(42,'Marieta','Cunanan','Campos','Female','20010101','','','','','','','0'),(43,'Cresenciana','Alfaro','Manansala','Female','20010101','','','','','','','0'),(44,'Jimena','Cortez','Rosario','Female','20010101','','','','','','','0'),(45,'Florencio','Dizon','Aquino','Male','20010101','','','','','','','0'),(46,'Victorino','Buencochillo','Sales','Male','20010101','','','','','','','0'),(47,'Lourdes','Hipolito','Pelayo','Female','20010101','','','','','','','1'),(48,'Remedios','Cambarijan','Agustin','Female','20010101','','','','','','','0'),(49,'Marlon','Quezon','Gantala','Male','20010101','','','','','','','1'),(50,'Merlina','Tulio','Dela Rosa','Female','20010101','','','','','','','1'),(51,'Corazon','Santiago','Abalos','Female','20010101','Married','','','','','','1'),(52,' Dioscoro','Liangcoco','Tiglao','Male','20010101','','','','','','','1'),(53,'Corazon','Mendoza','Nava','Female','20010101','','','','','','','1'),(54,'','','','','20010101','','','','','','','1'),(55,'','','','','20010101','','','','','','','1'),(56,'Marcia','Dizon','Vitug','Female','20010101','','','','','','','1'),(57,'Ruth','Gopez','Sonza','Female','20010101','','','','','','','1'),(58,'Merlyn','Maristela','Malonzo','Female','20010101','','','','','','','1'),(59,'Evangeline','Candelaria','Llamazares','Female','20010101','','','','','','','0'),(60,'Joel','Espiritu','Carreon','Male','20010101','','','','','','','1'),(61,'Teresita','Banag','Capul','Male','20010101','','','','','','','0'),(62,'Ludivina','Dizon','Medina','Female','20010101','','','','','','','1'),(63,'Augusto','Aquino','Aquino','Male','20010101','Married','','','','','','1'),(64,'Danilo','Correa','Maderazo','Male','20010101','','','','','','','1'),(65,'Rosario','Cortez','Jimena','Female','20010101','','','','','','','1'),(66,'alicia','de leon','sanguyu','Female','20010101','','','','','','','0'),(67,'Amelia','Bondoc','Pangilinan','Female','20010101','','','','','','','1'),(68,'Patrick','Graci','Lacquian','Male','20010101','','','','','','','1'),(69,'','','','','20010101','','','','','','','1'),(70,'','','','','20010101','','','','','','','1'),(71,'','','','','20010101','','','','','','','1'),(72,'','','','','20010101','','','','','','','1'),(73,'','','','','20010101','','','','','','','1'),(74,'Joey','Vijar','David','Male','20010101','','','','','','','1'),(75,'','','','','20010101','','','','','','','1'),(76,'alvin','mangune','yabut','Male','20010101','','','','','','','1'),(77,'','','','','20010101','','','','','','','1'),(78,'nardito','fernandez','ocampo','Male','20010101','','','','','','','1'),(79,'guillermo','nantes','nantes','Male','20010101','','','','','','','0'),(80,'Terrence','Magdangal','Aquino','Male','20010101','','','','','','','1'),(81,'Arnold','Manalo','Sacramento','Male','20010101','','','','','','','1'),(82,'','','','','20010101','','','','','','','1'),(83,'','','','','20010101','','','','','','','1'),(84,'Salvacion','Gamboa','Montemayor','Female','20010101','','','','','','','0'),(85,'Aysa','Maninang','Miranda','Female','20010101','','','','','','','0'),(86,NULL,NULL,NULL,NULL,'20010101',NULL,'','','','','','1'),(87,'','','','','20010101','','','','','','','1'),(88,NULL,NULL,NULL,NULL,'20010101',NULL,'','','','','','1'),(89,NULL,NULL,NULL,NULL,'20010101',NULL,'','','','','','1'),(90,NULL,NULL,NULL,NULL,'20010101',NULL,'','','','','','1'),(91,NULL,NULL,NULL,NULL,'20010101',NULL,'','','','','','1'),(92,NULL,NULL,NULL,NULL,'20010101',NULL,'','','','','','1'),(93,NULL,NULL,NULL,NULL,'20010101',NULL,'','','','','','1'),(94,NULL,NULL,NULL,NULL,'20010101',NULL,'','','','','','1'),(95,NULL,NULL,NULL,NULL,'20010101',NULL,'','','','','','1'),(96,NULL,NULL,NULL,NULL,'20010101',NULL,'','','','','','1'),(97,NULL,NULL,NULL,NULL,'20010101',NULL,'','','','','','1'),(98,NULL,NULL,NULL,NULL,'20010101',NULL,'','','','','','1'),(99,NULL,NULL,NULL,NULL,'20010101',NULL,'','','','','','1'),(100,NULL,NULL,NULL,NULL,'20010101',NULL,'','','','','','1'),(101,NULL,NULL,NULL,NULL,'20010101',NULL,'','','','','','1'),(102,NULL,NULL,NULL,NULL,'20010101',NULL,'','','','','','1'),(103,NULL,NULL,NULL,NULL,'20010101',NULL,'','','','','','1'),(104,NULL,NULL,NULL,NULL,'20010101',NULL,'','','','','','1'),(105,NULL,NULL,NULL,NULL,'20010101',NULL,'','','','','','1'),(106,'','','','','20010101','','','','','','','1'),(107,'','','','','20010101','','','','','','','1'),(108,'Iluminada','Carlos','Cabarle','Female','20010101','','','','','','','1'),(109,'Iluminada','Carlos','Cabarle','Female','20010101','','','','','','','0'),(110,'Apple','','Bautista','Female','20010101','','','','','','','1'),(111,'teresita','rivera','sibal','Female','20010101','','','','','','','0'),(112,'Clairsse','','Garcia','Female','20010101','','','','','','','1'),(113,'Clairsse','','Garcia','Female','20010101','','','','','','','1'),(114,'Jennifer','Ramos','Cleofe','Female','20010101','','','','','','','1'),(115,'Arriane Jobelle','Valencia','Dela Cruz','Female','20010101','','','','','','','1'),(116,'','','','','20010101','','','','','','','1'),(117,'','','','','20010101','','','','','','','1'),(118,'','','','','20010101','','','','','','','1'),(119,'','','','','20010101','','','','','','','1'),(120,'','','','','20010101','','','','','','','1'),(121,'','','','','20010101','','','','','','','1'),(122,'','','','','20010101','','','','','','','1'),(123,'','','','','20010101','','','','','','','1'),(124,'','','','','20010101','','','','','','','1'),(125,'','','','','20010101','','','','','','','1'),(126,'','','','','20010101','','','','','','','1'),(127,'ezequiel','cadiente','babor','Male','20010101','Married','','','','','','0'),(128,'emelinda','dela cruz','soriano','Female','20010101','Married','','','','','','0'),(129,'roman','pineda','rivera','Male','20010101','Married','','','','','','1'),(130,'dorencio','manabat','galang','Male','20010101','Married','','','','','','0'),(131,'alberto','julian','mandigal','Male','20010101','Married','','','','','','1'),(132,'Cely','Sotto','Teodoro','Female','20010101','Married','','','','','','1'),(133,'esteban','sanguyu','calma','Male','20010101','Married','','','','','','0'),(134,'Evelyn ','Narciso','Pangilin an','Female','20010101','Married','','','','','','0'),(135,'Evelyn ','Narciso','Pangilinan','Female','20010101','Married','','','','','','0'),(136,'evelyn','narciso','pangilinan','Female','20010101','Married','','','','','','0'),(137,'manuel','nacpil','almodovar','Male','20010101','','','','','','','0'),(138,'Linda','Reyes','Mesa','Female','20010101','Married','','','','','','1'),(139,'soledad','dungca','tongol','Female','20010101','Married','','','','','','0'),(140,'Dolores','Layson','Aguas','Female','20010101','Married','','','','','','1'),(141,'Jose','Cabigting','Henson','Male','20010101','Married','','','','','','1'),(142,'Renato','sarmiento','Sumang','Male','20010101','Married','','','','','','0'),(143,'Carlos','Cordero','Rodriguez','Male','20010101','Married','','','','','','0'),(144,'aida','sanchez','lozano','Female','20010101','Married','','','','','','1'),(145,'Zenaida','Nocom','Sison','Female','20010101','','','','','','','0'),(146,'nelia','talag','cabarle','Female','20010101','Married','','','','','','1'),(147,'Zenaida','Nocom','Sison','Female','20010101','Married','','','','','','1'),(148,'Norberto','Santos','Datu','Male','20010101','Married','','','','','','1'),(149,'Antonio','Ola','Pudol','Male','20010101','Married','','','','','','0'),(150,'Antonio','Ola','Pudol','Male','20010101','Married','','','','','','0'),(151,'Antonio','Ola','Pudol','Male','20010101','Married','','','','','','0'),(152,'Antonio','Ola','Pudol','Male','20010101','Married','','','','','','0'),(153,'Antonio','Ola','Pudol','Male','20010101','Married','','','','','','0'),(154,'Antonio','Ola','Pudol','Male','20010101','Married','','','','','','0'),(155,' silvestre','tuazon','calma','Male','20010101','Married','','','','','','0'),(156,'silvestre','tuazon','calma','Male','20010101','Married','','','','','','0'),(157,'Josefina','Nuqui','Mercado','Female','20010101','Married','','','','','','1'),(158,'Josefina','Nuqui','Mercado','Female','20010101','Married','','','','','','0'),(159,'CARLOS','','RODRIGUEZ','Male','20010101','Single','','','','','','0'),(160,'CARLOS','','RODRIGUEZ','Male','20010101','Single','','','','','','0'),(161,'Antonio','','Teodoro','Male','20010101','','','','','','','0'),(162,'Norma','Arceo','Santos','Female','20010101','Married','','','','','','0'),(163,'CARLOS','Cordero','RODRIGUEZ','Male','20010101','Married','','','','','','0'),(164,'Erdie','Dela Cruz','Gaa','Male','20010101','Married','','','','','','1'),(165,'Josefina','Nuqui','Mercado','Female','20010101','Married','','','','','','0'),(166,'Fe','Hizona','Timbol','Female','20010101','Married','','','','','','0'),(167,'silvestre','tuazon','calma','Male','20010101','Married','','','','','','0'),(168,'Wilson','Cruz','Gomez','Male','20010101','Married','','','','','','0'),(169,'Norberto','Santos','Datu','Male','20010101','Married','','','','','','1'),(170,'Antonio','Ola','Pudol','Male','20010101','Married','','','','','','1'),(171,'Rodillo','Bobo','Santos','Male','20010101','Married','','','','','','1'),(172,'Bernardino','Dizon','Garcia','Male','20010101','Married','','','','','','0'),(173,'rogelio','beltran','Bautista','Male','20010101','Married','','','','','','1'),(174,'bernardino','dizon','garcia','Male','20010101','Married','','','','','','1'),(175,'Perla','Manlong','Punsalan','Female','20010101','','','','','','','1'),(176,'Erlinda','Castillo','Tinio','Female','20010101','Married','','','','','','1'),(177,'ANACLETO','CAPINPIN','GANDOLA','Male','20010101','Married','','','','','','1'),(178,'Pablo','Repollo','Aqui','Male','20010101','Married','','','','','','1'),(179,'Timothy James','Tuazon','Bacani','Male','20010101','Single','','','','','','0'),(180,'Edwardson','','Jimenez','Male','20010101','Married','','','','','','0'),(181,'Edwardson','','Jimenez','Male','20010101','Married','','','','','','1'),(182,'Benjamin','Yutuc','Adorna','Male','20010101','Married','','','','','','1'),(183,'Jesus','Del Mundo','Tiglao','Male','20010101','Married','','','','','','1'),(184,'Marlon','Simon','Maglalang','Male','20010101','Married','','','','','','1'),(185,'Bernardo','Alfaro','Reyes','Male','20010101','Married','','','','','','1'),(186,'Kenneth','Galang','Hipolito','Female','20010101','Single','','','','','','1'),(187,'Enrico','','Quizon','Male','20010101','Married','','','','','','1'),(188,'Roberto','Dizon','Aguilar','Male','20010101','Married','','','','','','1'),(189,'Cristeta','Tunac','Madlangbayan','Female','20010101','Married','','','','','','0'),(190,'Simbillo','Cunan','Wilson','Male','20010101','Married','','','','','','0'),(191,'Janile','Simbillo','Mendoza','Female','20010101','Married','','','','','','1'),(192,'rogelio','','lising','Male','20010101','Married','','','','','','0'),(193,'benigno','noble','lavapie','Male','20010101','Married','','','','','','1'),(194,'Wilson','Cunan','Simbillo','Male','20010101','Married','','','','','','0'),(195,'Wilson','Cunan','Simbillo','Male','20010101','Married','','','','','','0'),(196,'elsie','sasing','bargamento','Female','20010101','','','','','','','1'),(197,'Marina','Conjuangco','Cunanan','Female','20010101','Married','','','','','','1'),(198,'florencio','Dizon','Antonio','Male','20010101','Married','','','','','','0'),(199,'adela','segundo','rodina','Female','20010101','Married','','','','','','0'),(200,'Adela','Segundo','Rondina','Female','20010101','Married','','','','','','1'),(201,'Pablito','Aguilar','Santos','Male','20010101','Married','','','','','','1'),(202,'yam','nadela','roque','Male','20010101','Single','','','','','','1'),(203,'Federico','Dizon','Sotto','Male','20010101','Married','','','','','','1'),(204,'Rhoda','Dizon','canasa','Female','20010101','Single','','','','','','1'),(205,'josefina','pangilinan','tolentino','Female','20010101','Single','','','','','','1'),(206,'bienvenido','cabrera','lingat','Male','20010101','Married','','','','','','1');

/*Table structure for table `presc_entries` */

DROP TABLE IF EXISTS `presc_entries`;

CREATE TABLE `presc_entries` (
  `presc_id` int(11) DEFAULT NULL,
  `med_id` int(11) DEFAULT NULL,
  `prep_id` int(11) DEFAULT NULL,
  `qty` varchar(5) DEFAULT NULL,
  `amt` varchar(50) DEFAULT NULL,
  `frequency` varchar(50) DEFAULT NULL,
  `duration` varchar(50) DEFAULT NULL,
  `notes` varchar(200) DEFAULT NULL
) ENGINE=InnoDB DEFAULT CHARSET=latin1;

/*Data for the table `presc_entries` */

/*Table structure for table `presc_list` */

DROP TABLE IF EXISTS `presc_list`;

CREATE TABLE `presc_list` (
  `presc_id` int(11) NOT NULL,
  `person_id` int(11) DEFAULT NULL,
  `physician_id` int(11) DEFAULT NULL,
  PRIMARY KEY (`presc_id`)
) ENGINE=InnoDB DEFAULT CHARSET=latin1;

/*Data for the table `presc_list` */

/*Table structure for table `presc_logs` */

DROP TABLE IF EXISTS `presc_logs`;

CREATE TABLE `presc_logs` (
  `presc_id` int(11) DEFAULT NULL,
  `entry_date` varchar(20) DEFAULT NULL,
  `entry_time` varchar(20) DEFAULT NULL,
  `updated_by` int(11) DEFAULT NULL,
  `log_status` varchar(100) DEFAULT NULL,
  `remarks` varchar(200) DEFAULT NULL
) ENGINE=InnoDB DEFAULT CHARSET=latin1;

/*Data for the table `presc_logs` */

/*Table structure for table `treatment_list` */

DROP TABLE IF EXISTS `treatment_list`;

CREATE TABLE `treatment_list` (
  `treatment_id` int(11) NOT NULL DEFAULT '0',
  `person_id` int(11) DEFAULT '0',
  PRIMARY KEY (`treatment_id`)
) ENGINE=InnoDB DEFAULT CHARSET=latin1;

/*Data for the table `treatment_list` */

insert  into `treatment_list`(`treatment_id`,`person_id`) values (1,51),(2,51);

/*Table structure for table `treatment_logs` */

DROP TABLE IF EXISTS `treatment_logs`;

CREATE TABLE `treatment_logs` (
  `treatment_id` int(11) DEFAULT NULL,
  `version_id` int(11) DEFAULT NULL,
  `entry_date` varchar(20) DEFAULT NULL,
  `entry_time` varchar(20) DEFAULT NULL,
  `updated_by` int(11) DEFAULT NULL,
  `entry_status` varchar(100) DEFAULT NULL,
  `remarks` varchar(200) DEFAULT NULL
) ENGINE=InnoDB DEFAULT CHARSET=latin1;

/*Data for the table `treatment_logs` */

insert  into `treatment_logs`(`treatment_id`,`version_id`,`entry_date`,`entry_time`,`updated_by`,`entry_status`,`remarks`) values (1,1,'20160622','213545',0,'CREATED',''),(1,2,'20160622','214128',0,'UPDATE_TREATMENT',''),(2,1,'20160622','214239',0,'CREATED',''),(2,1,'20160622','214337',0,'START_TREATMENT',''),(2,2,'20160622','214343',0,'UPDATE_TREATMENT',''),(2,3,'20160622','214355',0,'CLOSED','');

/*Table structure for table `treatment_options` */

DROP TABLE IF EXISTS `treatment_options`;

CREATE TABLE `treatment_options` (
  `option_id` int(11) NOT NULL,
  `property_id` int(11) DEFAULT NULL,
  `option_value` varchar(200) DEFAULT NULL,
  `active` enum('0','1') DEFAULT '1',
  PRIMARY KEY (`option_id`)
) ENGINE=InnoDB DEFAULT CHARSET=latin1;

/*Data for the table `treatment_options` */

insert  into `treatment_options`(`option_id`,`property_id`,`option_value`,`active`) values (8001,8,'Routine Heparin  (2:1:1)','1'),(8002,8,'Low Dose Heparin (1:0.5:0.5)','1'),(8003,8,'PNSS Flushing','1'),(8004,8,'LMWH','1'),(8005,8,'Routine Heparin (4:1:1)','1'),(9001,9,'Low Flux','1'),(9002,9,'High Efficiency','1'),(9003,9,'High Flux','1'),(9005,9,'Other','0'),(13001,13,'Bicarbonate','1'),(14001,14,'HD 144 A','1'),(21001,21,'(+)','1'),(21002,21,'(-)','1'),(24001,24,'HDF','1'),(25001,25,'Pre-Dilution','1'),(25002,25,'Post-Dilution','1'),(26001,26,'10','1'),(26002,26,'15','1'),(26003,26,'30','1'),(102001,102,'Ambulatory','1'),(102002,102,'Wheelchair','1'),(102003,102,'Bed Stretcher','1'),(102004,102,'Ambulatory with assistance','1'),(107001,107,'Regular','1'),(107002,107,'Irregular','1'),(108001,108,'Comatose','1'),(108002,108,'Lethargic','1'),(108003,108,'Conscious','1'),(108004,108,'GCS (E_V_M_)','1'),(109001,109,'Clear','1'),(109002,109,'Crackles','1'),(109003,109,'Hemoptysis','1'),(109004,109,'DOB','1'),(109005,109,'Wheezing','1'),(110000,110,'Generalized','1'),(110001,110,'None','1'),(110002,110,'Facial','1'),(110003,110,'Pedal','1'),(110004,110,'Periorbital','1'),(110005,110,'Ascitis','1'),(110006,110,'Others','0'),(111001,111,'Good Appetite','1'),(111002,111,'No Appetite','1'),(111003,111,'Fair Appetite','1'),(111004,111,'Melena','1'),(111005,111,'Hematochezia','1'),(111006,111,'Hematemesis','1'),(112001,112,'Normal','1'),(112002,112,'Pale','1'),(112003,112,'Cyanotic','1'),(113001,113,'Good','1'),(113002,113,'Poor','1'),(114001,114,'Ecchymosis','1'),(114002,114,'Bruises','1'),(115001,115,'Flat','1'),(115002,115,'Slightly Distended','1'),(115003,115,'Distended','1'),(116001,116,'Hematuria','1'),(116002,116,'Dysuria','1'),(116003,116,'Menstuation','1'),(117001,117,'None','1'),(117002,117,'Chest Pain','1'),(117003,117,'Cough','1'),(117004,117,'Abdominal Pain','1'),(117005,117,'LBM','1'),(117006,117,'Orthopnea','1'),(117007,117,'Fever','1'),(117008,117,'Others','0'),(118001,118,'PC','1'),(118002,118,'IJ','1'),(118003,118,'AVF','1'),(118004,118,'AVG (L/R)','1'),(118005,118,'SC','1'),(119001,119,'Strong','1'),(119002,119,'Weak','1'),(120001,120,'Patent','1'),(120002,120,'Clotted','1'),(120003,120,'Redness','1'),(120004,120,'Swelling','1'),(120005,120,'Hematoma','1'),(120006,120,'Pus Secretion','1'),(120007,120,'No signs and symptoms of infection','1'),(121001,121,'With difficulty (aspirate/push)','1'),(121002,121,'Without difficulty','1'),(121003,121,'Unable to aspirate','1'),(122001,122,'With difficulty (aspirate/push)','1'),(122002,122,'Without difficulty','1'),(122003,122,'Unable to aspirate','1'),(123001,123,'Intact','1'),(123002,123,'Not Intact','1'),(123003,123,'Soaked','1'),(124001,124,'Arterial','1'),(124002,124,'Venous','1'),(125001,125,'None','1'),(125002,125,'Lidocaine','1'),(125003,125,'Topical','1'),(128001,128,'Strong','1'),(128002,128,'Weak','1'),(129001,129,'Yes','1'),(129002,129,'No','1'),(130001,130,'Dressing done aseptically','1'),(131001,131,'INTERCHANGED','1'),(202001,202,'Ambulatory','1'),(202002,202,'Wheelchair','1'),(202003,202,'Bed Stretcher','1'),(202004,202,'Ambulatory with assistance','1'),(207001,207,'Regular','1'),(207002,207,'Irregular','1'),(208001,208,'Comatose','1'),(208002,208,'Lethargic','1'),(208003,208,'Conscious','1'),(208004,208,'GCS (E_V_M_)','1'),(209001,209,'Clear','1'),(209002,209,'Crackles','1'),(209003,209,'Hemoptysis','1'),(209004,209,'DOB','1'),(209005,209,'Wheezing','1'),(210000,210,'Generalized','1'),(210001,210,'None','1'),(210002,210,'Facial','1'),(210003,210,'Pedal','1'),(210004,210,'Periorbital','1'),(210005,210,'Ascitis','1'),(210006,210,'Others','0'),(211001,211,'Good Appetite','1'),(211002,211,'No Appetite','1'),(211003,211,'Fair Appetite','1'),(211004,211,'Melena','1'),(211005,211,'Hematochezia','1'),(211006,211,'Hematemesis','1'),(212001,212,'Normal','1'),(212002,212,'Pale','1'),(212003,212,'Cyanotic','1'),(213001,213,'Good','1'),(213002,213,'Poor','1'),(214001,214,'Ecchymosis','1'),(214002,214,'Bruises','1'),(215001,215,'Flat','1'),(215002,215,'Slightly Distended','1'),(215003,215,'Distended','1'),(216001,216,'Hematuria','1'),(216002,216,'Dysuria','1'),(216003,216,'Menstuation','1'),(217001,217,'None','1'),(217002,217,'Chest Pain','1'),(217003,217,'Cough','1'),(217004,217,'Abdominal Pain','1'),(217005,217,'LBM','1'),(217006,217,'Orthopnea','1'),(217007,217,'Fever','1'),(217008,217,'Others','0'),(218001,218,'PC','1'),(218002,218,'TLC','1'),(218003,218,'AVF','1'),(218004,218,'AVG (L/R)','1'),(219001,219,'Strong','1'),(219002,219,'Weak','1'),(220001,220,'Patent','1'),(220002,220,'Clotted','1'),(220003,220,'Redness','1'),(220004,220,'Swelling','1'),(220005,220,'Hematoma','1'),(220006,220,'Pus Secretion','1'),(220007,220,'No signs and symptoms of infection','1'),(221000,221,'ALL','1'),(221001,221,'No Bleeding','1'),(221002,221,'Arterial and Venous Ports Heraranized','1'),(221003,221,'Each Port Capped and Secared Aseptically','1'),(221004,221,'Arterial and Venous Ports Flushed with PNSS','1'),(221005,221,'Aseptically Dressed','1'),(221006,221,'Bactroban ointment applied at exit site','1'),(222001,222,'Intact','1'),(222002,222,'Not Intact','1'),(222003,222,'Soaked','1'),(223001,223,'Home with Health Teaching Performed','1'),(223002,223,'Admitted and Endorsed to','1'),(225001,225,'Recormon','1'),(225002,225,'Eprex','1'),(225003,225,'Renogen','1'),(225004,225,'Eposino','1'),(225005,225,'Other','0');

/*Table structure for table `treatment_options_persons` */

DROP TABLE IF EXISTS `treatment_options_persons`;

CREATE TABLE `treatment_options_persons` (
  `property_id` int(11) NOT NULL,
  `user_group` varchar(50) DEFAULT NULL,
  `user_role` varchar(50) DEFAULT NULL,
  `user_level` varchar(2) DEFAULT NULL,
  `active` enum('0','1') DEFAULT '1',
  PRIMARY KEY (`property_id`)
) ENGINE=InnoDB DEFAULT CHARSET=latin1;

/*Data for the table `treatment_options_persons` */

insert  into `treatment_options_persons`(`property_id`,`user_group`,`user_role`,`user_level`,`active`) values (1,'','','',''),(8,'','nurse','8','1'),(228,'nurses','nurse','8','1'),(229,'nurses','nurse','8','1'),(230,NULL,'nurse','8','1');

/*Table structure for table `treatment_properties` */

DROP TABLE IF EXISTS `treatment_properties`;

CREATE TABLE `treatment_properties` (
  `property_id` int(11) NOT NULL COMMENT 'Property ID',
  `property_name` varchar(200) DEFAULT NULL COMMENT 'Property Name',
  `section` varchar(50) DEFAULT NULL COMMENT 'Section',
  `sub_section` varchar(50) DEFAULT NULL COMMENT 'Sub Section',
  `auto_display` enum('0','1') DEFAULT '0' COMMENT 'Auto Display',
  `active` enum('0','1') DEFAULT '1' COMMENT 'Active',
  PRIMARY KEY (`property_id`)
) ENGINE=InnoDB DEFAULT CHARSET=latin1;

/*Data for the table `treatment_properties` */

insert  into `treatment_properties`(`property_id`,`property_name`,`section`,`sub_section`,`auto_display`,`active`) values (1,'Time Arrived','treatment','main','1','1'),(2,'Duration','treatment','main','1','1'),(3,'Dry Weight','treatment','main','1','1'),(4,'Pre-HD Weight','treatment','main','1','1'),(5,'Prev Post HD Weight','treatment','main','1','1'),(6,'UF Goal','treatment','main','1','1'),(7,'Post HD Weight','treatment','main','1','1'),(8,'Anti Coagulant','treatment','main','1','1'),(9,'Dialyzer','treatment','main','1','1'),(10,'KCL/MEQS','treatment','main','1','1'),(11,'No of use','treatment','main','1','1'),(12,'Machine','treatment','main','1','1'),(13,'Dialysis Bath','treatment','main','1','1'),(14,'Dialysis Acid','treatment','main','1','1'),(15,'QB','treatment','main','1','1'),(16,'QD','treatment','main','1','1'),(17,'Nurse\'s Notes','treatment','main','1','1'),(18,'Doctor\'s Order','treatment','main','1','1'),(19,'Weight Gain','treatment','main','1','1'),(20,'Standing Order','treatment','main','1','1'),(21,'Renalin Strip Test','treatment','main','1','1'),(22,'Actual UF','treatment','main','1','1'),(23,'Complications','treatment','main','1','1'),(24,'','treatment','main','1','1'),(25,'','treatment','main','1','1'),(26,'Frequency','treatment','main','1','1'),(101,'Time Started','treatment','main','1','1'),(102,'Via','treatment','main','1','1'),(103,'BP','treatment','main','1','1'),(104,'HR','treatment','main','1','1'),(105,'RR','treatment','main','1','1'),(106,'TEMP','treatment','main','1','1'),(107,'Pulse','treatment','main','1','1'),(108,'Neuro','treatment','main','1','1'),(109,'Lungs','treatment','main','1','1'),(110,'Edema','treatment','main','1','1'),(111,'Gastro','treatment','main','1','1'),(112,'Skin Color','treatment','main','1','1'),(113,'Turgor','treatment','main','1','1'),(114,'Others','treatment','main','1','1'),(115,'Neck Veins','treatment','main','1','1'),(116,'Gento-Urinary','treatment','main','1','1'),(117,'Complaints','treatment','main','1','1'),(118,'Vascular Access','treatment','main','1','1'),(119,'Bruit/Thrill','treatment','main','1','1'),(120,'Access','treatment','main','1','1'),(121,'Arterial','treatment','main','1','1'),(122,'Venous','treatment','main','1','1'),(123,'Catheter Dressing','treatment','main','1','1'),(124,'If Yes','treatment','main','1','1'),(125,'Anesthesia','treatment','main','1','1'),(126,'Cannulated By','treatment','main','1','0'),(127,'Date Assessed','treatment','main','1','1'),(128,'Bruit','treatment','main','1','1'),(129,'Signs of Infection','treatment','main','1','1'),(130,'','treatment','main','1','1'),(131,'','treatment','main','1','1'),(132,'If No','treatment','main','1','1'),(201,'Time finished','treatment','main','1','1'),(202,'Via','treatment','main','1','1'),(203,'BP','treatment','main','1','1'),(204,'HR','treatment','main','1','1'),(205,'RR','treatment','main','1','1'),(206,'TEMP','treatment','main','1','1'),(207,'Pulse','treatment','main','1','1'),(208,'Neuro','treatment','main','1','1'),(209,'Lungs','treatment','main','1','1'),(210,'Edema','treatment','main','1','1'),(211,'Gastro','treatment','main','1','1'),(212,'Skin Color','treatment','main','1','1'),(213,'Turgor','treatment','main','1','1'),(214,'Others','treatment','main','1','1'),(215,'Neck Veins','treatment','main','1','1'),(216,'Gento-Urinary','treatment','main','1','1'),(217,'Complaints','treatment','main','1','1'),(218,'Vascular Access','treatment','main','0','0'),(219,'Bruit/Thrill','treatment','main','1','1'),(220,'Access','treatment','main','0','0'),(221,'Catheter Dressing','treatment','main','1','1'),(222,'Catheter Dressing','treatment','main','0','0'),(223,'Discharged','treatment','main','1','1'),(224,'Date','treatment','main','1','1'),(225,'EPO','treatment','main','1','1'),(226,'RECORMON-removed','treatment','main','0','0'),(227,'IV IRON','treatment','main','1','1'),(228,'PRIMED BY','treatment','main','1','1'),(229,'CANNULATED BY','treatment','main','1','1'),(230,'TERMINATED BY','treatment','main','1','1'),(231,'Monthly labs due on','treatment','main','1','1'),(232,'Hepa Profile due on','treatment','main','1','1'),(233,'Vaccination','treatment','main','1','1'),(234,'CONSENT','treatment','main','1','1'),(235,'OTHERS','treatment','main','1','1');

/*Table structure for table `treatments` */

DROP TABLE IF EXISTS `treatments`;

CREATE TABLE `treatments` (
  `treatment_id` int(11) DEFAULT NULL,
  `version_id` int(11) DEFAULT NULL,
  `property_id` int(11) DEFAULT NULL,
  `value` varchar(500) DEFAULT NULL
) ENGINE=InnoDB DEFAULT CHARSET=latin1;

/*Data for the table `treatments` */

insert  into `treatments`(`treatment_id`,`version_id`,`property_id`,`value`) values (1,2,1,'21:41:02'),(1,2,2,'4'),(1,2,3,'100'),(1,2,4,'0'),(1,2,5,''),(1,2,6,''),(1,2,7,'0'),(1,2,8,''),(1,2,9,''),(1,2,10,''),(1,2,11,''),(1,2,12,''),(1,2,13,''),(1,2,14,''),(1,2,15,''),(1,2,16,''),(1,2,17,''),(1,2,18,''),(1,2,19,'-100.00'),(1,2,20,''),(1,2,21,''),(1,2,22,'0.00'),(1,2,23,''),(1,2,24,''),(1,2,25,''),(1,2,26,''),(1,2,101,''),(1,2,102,''),(1,2,103,''),(1,2,104,''),(1,2,105,''),(1,2,106,''),(1,2,107,''),(1,2,108,''),(1,2,109,''),(1,2,110,''),(1,2,111,''),(1,2,112,''),(1,2,113,''),(1,2,114,''),(1,2,115,''),(1,2,116,''),(1,2,117,''),(1,2,118,''),(1,2,119,''),(1,2,120,''),(1,2,121,''),(1,2,122,''),(1,2,123,''),(1,2,124,''),(1,2,125,''),(1,2,127,''),(1,2,128,''),(1,2,129,''),(1,2,130,''),(1,2,131,''),(1,2,132,''),(1,2,201,''),(1,2,202,''),(1,2,203,''),(1,2,204,''),(1,2,205,''),(1,2,206,''),(1,2,207,''),(1,2,208,''),(1,2,209,''),(1,2,210,''),(1,2,211,''),(1,2,212,''),(1,2,213,''),(1,2,214,''),(1,2,215,''),(1,2,216,''),(1,2,217,''),(1,2,219,''),(1,2,221,''),(1,2,223,''),(1,2,224,''),(1,2,225,''),(1,2,227,''),(1,2,231,''),(1,2,232,''),(1,2,233,''),(1,2,234,''),(1,2,235,''),(2,2,1,'21:41:02'),(2,2,2,'4'),(2,2,3,'100'),(2,2,4,'0'),(2,2,5,'0'),(2,2,6,''),(2,2,7,'0'),(2,2,8,''),(2,2,9,''),(2,2,10,''),(2,2,11,''),(2,2,12,''),(2,2,13,''),(2,2,14,''),(2,2,15,''),(2,2,16,''),(2,2,17,''),(2,2,18,''),(2,2,19,'-100.00'),(2,2,20,''),(2,2,21,''),(2,2,22,'0.00'),(2,2,23,''),(2,2,24,''),(2,2,25,''),(2,2,26,''),(2,2,101,'21:43:37'),(2,2,102,''),(2,2,103,''),(2,2,104,''),(2,2,105,''),(2,2,106,''),(2,2,107,''),(2,2,108,''),(2,2,109,''),(2,2,110,''),(2,2,111,''),(2,2,112,''),(2,2,113,''),(2,2,114,''),(2,2,115,''),(2,2,116,''),(2,2,117,''),(2,2,118,''),(2,2,119,''),(2,2,120,''),(2,2,121,''),(2,2,122,''),(2,2,123,''),(2,2,124,''),(2,2,125,''),(2,2,127,''),(2,2,128,''),(2,2,129,''),(2,2,130,''),(2,2,131,''),(2,2,132,''),(2,2,201,''),(2,2,202,''),(2,2,203,''),(2,2,204,''),(2,2,205,''),(2,2,206,''),(2,2,207,''),(2,2,208,''),(2,2,209,''),(2,2,210,''),(2,2,211,''),(2,2,212,''),(2,2,213,''),(2,2,214,''),(2,2,215,''),(2,2,216,''),(2,2,217,''),(2,2,219,''),(2,2,221,''),(2,2,223,''),(2,2,224,''),(2,2,225,''),(2,2,227,''),(2,2,231,''),(2,2,232,''),(2,2,233,''),(2,2,234,''),(2,2,235,''),(2,3,1,'21:41:02'),(2,3,2,'4'),(2,3,3,'100'),(2,3,4,'0'),(2,3,5,'0'),(2,3,6,''),(2,3,7,'0'),(2,3,8,''),(2,3,9,''),(2,3,10,''),(2,3,11,''),(2,3,12,''),(2,3,13,''),(2,3,14,''),(2,3,15,''),(2,3,16,''),(2,3,17,''),(2,3,18,''),(2,3,19,'-100.00'),(2,3,20,''),(2,3,21,''),(2,3,22,'0.00'),(2,3,23,''),(2,3,24,''),(2,3,25,''),(2,3,26,''),(2,3,101,'21:43:37'),(2,3,102,''),(2,3,103,''),(2,3,104,''),(2,3,105,''),(2,3,106,''),(2,3,107,''),(2,3,108,''),(2,3,109,''),(2,3,110,''),(2,3,111,''),(2,3,112,''),(2,3,113,''),(2,3,114,''),(2,3,115,''),(2,3,116,''),(2,3,117,''),(2,3,118,''),(2,3,119,''),(2,3,120,''),(2,3,121,''),(2,3,122,''),(2,3,123,''),(2,3,124,''),(2,3,125,''),(2,3,127,''),(2,3,128,''),(2,3,129,''),(2,3,130,''),(2,3,131,''),(2,3,132,''),(2,3,201,''),(2,3,202,''),(2,3,203,''),(2,3,204,''),(2,3,205,''),(2,3,206,''),(2,3,207,''),(2,3,208,''),(2,3,209,''),(2,3,210,''),(2,3,211,''),(2,3,212,''),(2,3,213,''),(2,3,214,''),(2,3,215,''),(2,3,216,''),(2,3,217,''),(2,3,219,''),(2,3,221,''),(2,3,223,''),(2,3,224,''),(2,3,225,''),(2,3,227,''),(2,3,231,''),(2,3,232,''),(2,3,233,''),(2,3,234,''),(2,3,235,'');

/*!40101 SET SQL_MODE=@OLD_SQL_MODE */;
/*!40014 SET FOREIGN_KEY_CHECKS=@OLD_FOREIGN_KEY_CHECKS */;
/*!40014 SET UNIQUE_CHECKS=@OLD_UNIQUE_CHECKS */;
/*!40111 SET SQL_NOTES=@OLD_SQL_NOTES */;
